--
-- PostgreSQL database dump
--

-- Dumped from database version 15.10
-- Dumped by pg_dump version 15.10 (Ubuntu 15.10-1.pgdg22.04+1)

SET statement_timeout = 0;
SET lock_timeout = 0;
SET idle_in_transaction_session_timeout = 0;
SET client_encoding = 'UTF8';
SET standard_conforming_strings = on;
SELECT pg_catalog.set_config('search_path', '', false);
SET check_function_bodies = false;
SET xmloption = content;
SET client_min_messages = warning;
SET row_security = off;

SET default_tablespace = '';

SET default_table_access_method = heap;

--
-- Name: about_about; Type: TABLE; Schema: public; Owner: neondb_owner
--

CREATE TABLE public.about_about (
    id bigint NOT NULL,
    title character varying(200) NOT NULL,
    profile_image character varying(255) NOT NULL,
    updated_on timestamp with time zone NOT NULL,
    content text NOT NULL
);


ALTER TABLE public.about_about OWNER TO neondb_owner;

--
-- Name: about_about_id_seq; Type: SEQUENCE; Schema: public; Owner: neondb_owner
--

ALTER TABLE public.about_about ALTER COLUMN id ADD GENERATED BY DEFAULT AS IDENTITY (
    SEQUENCE NAME public.about_about_id_seq
    START WITH 1
    INCREMENT BY 1
    NO MINVALUE
    NO MAXVALUE
    CACHE 1
);


--
-- Name: about_collaboraterequest; Type: TABLE; Schema: public; Owner: neondb_owner
--

CREATE TABLE public.about_collaboraterequest (
    id bigint NOT NULL,
    name character varying(200) NOT NULL,
    email character varying(254) NOT NULL,
    message text NOT NULL,
    read boolean NOT NULL
);


ALTER TABLE public.about_collaboraterequest OWNER TO neondb_owner;

--
-- Name: about_collaboraterequest_id_seq; Type: SEQUENCE; Schema: public; Owner: neondb_owner
--

ALTER TABLE public.about_collaboraterequest ALTER COLUMN id ADD GENERATED BY DEFAULT AS IDENTITY (
    SEQUENCE NAME public.about_collaboraterequest_id_seq
    START WITH 1
    INCREMENT BY 1
    NO MINVALUE
    NO MAXVALUE
    CACHE 1
);


--
-- Name: account_emailaddress; Type: TABLE; Schema: public; Owner: neondb_owner
--

CREATE TABLE public.account_emailaddress (
    id integer NOT NULL,
    email character varying(254) NOT NULL,
    verified boolean NOT NULL,
    "primary" boolean NOT NULL,
    user_id integer NOT NULL
);


ALTER TABLE public.account_emailaddress OWNER TO neondb_owner;

--
-- Name: account_emailaddress_id_seq; Type: SEQUENCE; Schema: public; Owner: neondb_owner
--

ALTER TABLE public.account_emailaddress ALTER COLUMN id ADD GENERATED BY DEFAULT AS IDENTITY (
    SEQUENCE NAME public.account_emailaddress_id_seq
    START WITH 1
    INCREMENT BY 1
    NO MINVALUE
    NO MAXVALUE
    CACHE 1
);


--
-- Name: account_emailconfirmation; Type: TABLE; Schema: public; Owner: neondb_owner
--

CREATE TABLE public.account_emailconfirmation (
    id integer NOT NULL,
    created timestamp with time zone NOT NULL,
    sent timestamp with time zone,
    key character varying(64) NOT NULL,
    email_address_id integer NOT NULL
);


ALTER TABLE public.account_emailconfirmation OWNER TO neondb_owner;

--
-- Name: account_emailconfirmation_id_seq; Type: SEQUENCE; Schema: public; Owner: neondb_owner
--

ALTER TABLE public.account_emailconfirmation ALTER COLUMN id ADD GENERATED BY DEFAULT AS IDENTITY (
    SEQUENCE NAME public.account_emailconfirmation_id_seq
    START WITH 1
    INCREMENT BY 1
    NO MINVALUE
    NO MAXVALUE
    CACHE 1
);


--
-- Name: archive_approvedpost; Type: TABLE; Schema: public; Owner: neondb_owner
--

CREATE TABLE public.archive_approvedpost (
    id bigint NOT NULL,
    name character varying(200) NOT NULL,
    slug character varying(200) NOT NULL,
    county character varying(200) NOT NULL,
    year_founded integer NOT NULL,
    content text NOT NULL,
    coordinates character varying(50),
    image_url character varying(500),
    created_on timestamp with time zone NOT NULL,
    updated_on timestamp with time zone NOT NULL,
    house_type_id bigint,
    post_id integer NOT NULL
);


ALTER TABLE public.archive_approvedpost OWNER TO neondb_owner;

--
-- Name: archive_approvedpost_id_seq; Type: SEQUENCE; Schema: public; Owner: neondb_owner
--

ALTER TABLE public.archive_approvedpost ALTER COLUMN id ADD GENERATED BY DEFAULT AS IDENTITY (
    SEQUENCE NAME public.archive_approvedpost_id_seq
    START WITH 1
    INCREMENT BY 1
    NO MINVALUE
    NO MAXVALUE
    CACHE 1
);


--
-- Name: auth_group; Type: TABLE; Schema: public; Owner: neondb_owner
--

CREATE TABLE public.auth_group (
    id integer NOT NULL,
    name character varying(150) NOT NULL
);


ALTER TABLE public.auth_group OWNER TO neondb_owner;

--
-- Name: auth_group_id_seq; Type: SEQUENCE; Schema: public; Owner: neondb_owner
--

ALTER TABLE public.auth_group ALTER COLUMN id ADD GENERATED BY DEFAULT AS IDENTITY (
    SEQUENCE NAME public.auth_group_id_seq
    START WITH 1
    INCREMENT BY 1
    NO MINVALUE
    NO MAXVALUE
    CACHE 1
);


--
-- Name: auth_group_permissions; Type: TABLE; Schema: public; Owner: neondb_owner
--

CREATE TABLE public.auth_group_permissions (
    id bigint NOT NULL,
    group_id integer NOT NULL,
    permission_id integer NOT NULL
);


ALTER TABLE public.auth_group_permissions OWNER TO neondb_owner;

--
-- Name: auth_group_permissions_id_seq; Type: SEQUENCE; Schema: public; Owner: neondb_owner
--

ALTER TABLE public.auth_group_permissions ALTER COLUMN id ADD GENERATED BY DEFAULT AS IDENTITY (
    SEQUENCE NAME public.auth_group_permissions_id_seq
    START WITH 1
    INCREMENT BY 1
    NO MINVALUE
    NO MAXVALUE
    CACHE 1
);


--
-- Name: auth_permission; Type: TABLE; Schema: public; Owner: neondb_owner
--

CREATE TABLE public.auth_permission (
    id integer NOT NULL,
    name character varying(255) NOT NULL,
    content_type_id integer NOT NULL,
    codename character varying(100) NOT NULL
);


ALTER TABLE public.auth_permission OWNER TO neondb_owner;

--
-- Name: auth_permission_id_seq; Type: SEQUENCE; Schema: public; Owner: neondb_owner
--

ALTER TABLE public.auth_permission ALTER COLUMN id ADD GENERATED BY DEFAULT AS IDENTITY (
    SEQUENCE NAME public.auth_permission_id_seq
    START WITH 1
    INCREMENT BY 1
    NO MINVALUE
    NO MAXVALUE
    CACHE 1
);


--
-- Name: auth_user; Type: TABLE; Schema: public; Owner: neondb_owner
--

CREATE TABLE public.auth_user (
    id integer NOT NULL,
    password character varying(128) NOT NULL,
    last_login timestamp with time zone,
    is_superuser boolean NOT NULL,
    username character varying(150) NOT NULL,
    first_name character varying(150) NOT NULL,
    last_name character varying(150) NOT NULL,
    email character varying(254) NOT NULL,
    is_staff boolean NOT NULL,
    is_active boolean NOT NULL,
    date_joined timestamp with time zone NOT NULL
);


ALTER TABLE public.auth_user OWNER TO neondb_owner;

--
-- Name: auth_user_groups; Type: TABLE; Schema: public; Owner: neondb_owner
--

CREATE TABLE public.auth_user_groups (
    id bigint NOT NULL,
    user_id integer NOT NULL,
    group_id integer NOT NULL
);


ALTER TABLE public.auth_user_groups OWNER TO neondb_owner;

--
-- Name: auth_user_groups_id_seq; Type: SEQUENCE; Schema: public; Owner: neondb_owner
--

ALTER TABLE public.auth_user_groups ALTER COLUMN id ADD GENERATED BY DEFAULT AS IDENTITY (
    SEQUENCE NAME public.auth_user_groups_id_seq
    START WITH 1
    INCREMENT BY 1
    NO MINVALUE
    NO MAXVALUE
    CACHE 1
);


--
-- Name: auth_user_id_seq; Type: SEQUENCE; Schema: public; Owner: neondb_owner
--

ALTER TABLE public.auth_user ALTER COLUMN id ADD GENERATED BY DEFAULT AS IDENTITY (
    SEQUENCE NAME public.auth_user_id_seq
    START WITH 1
    INCREMENT BY 1
    NO MINVALUE
    NO MAXVALUE
    CACHE 1
);


--
-- Name: auth_user_user_permissions; Type: TABLE; Schema: public; Owner: neondb_owner
--

CREATE TABLE public.auth_user_user_permissions (
    id bigint NOT NULL,
    user_id integer NOT NULL,
    permission_id integer NOT NULL
);


ALTER TABLE public.auth_user_user_permissions OWNER TO neondb_owner;

--
-- Name: auth_user_user_permissions_id_seq; Type: SEQUENCE; Schema: public; Owner: neondb_owner
--

ALTER TABLE public.auth_user_user_permissions ALTER COLUMN id ADD GENERATED BY DEFAULT AS IDENTITY (
    SEQUENCE NAME public.auth_user_user_permissions_id_seq
    START WITH 1
    INCREMENT BY 1
    NO MINVALUE
    NO MAXVALUE
    CACHE 1
);


--
-- Name: blog_approvedpost; Type: TABLE; Schema: public; Owner: neondb_owner
--

CREATE TABLE public.blog_approvedpost (
    id bigint NOT NULL,
    name character varying(200) NOT NULL,
    slug character varying(200) NOT NULL,
    county character varying(200) NOT NULL,
    year_founded integer NOT NULL,
    content text NOT NULL,
    coordinates character varying(50),
    image_url character varying(500),
    created_on timestamp with time zone NOT NULL,
    updated_on timestamp with time zone NOT NULL,
    house_type_id bigint,
    post_id integer NOT NULL
);


ALTER TABLE public.blog_approvedpost OWNER TO neondb_owner;

--
-- Name: blog_approvedpost_id_seq; Type: SEQUENCE; Schema: public; Owner: neondb_owner
--

ALTER TABLE public.blog_approvedpost ALTER COLUMN id ADD GENERATED BY DEFAULT AS IDENTITY (
    SEQUENCE NAME public.blog_approvedpost_id_seq
    START WITH 1
    INCREMENT BY 1
    NO MINVALUE
    NO MAXVALUE
    CACHE 1
);


--
-- Name: blog_financialdetail; Type: TABLE; Schema: public; Owner: neondb_owner
--

CREATE TABLE public.blog_financialdetail (
    id bigint NOT NULL,
    holding_title character varying(200),
    holding_pounds numeric(10,0),
    holding_shillings numeric(10,0),
    holding_pence numeric(10,0),
    post_id integer NOT NULL
);


ALTER TABLE public.blog_financialdetail OWNER TO neondb_owner;

--
-- Name: blog_financialdetail_id_seq; Type: SEQUENCE; Schema: public; Owner: neondb_owner
--

ALTER TABLE public.blog_financialdetail ALTER COLUMN id ADD GENERATED BY DEFAULT AS IDENTITY (
    SEQUENCE NAME public.blog_financialdetail_id_seq
    START WITH 1
    INCREMENT BY 1
    NO MINVALUE
    NO MAXVALUE
    CACHE 1
);


--
-- Name: blog_housetype; Type: TABLE; Schema: public; Owner: neondb_owner
--

CREATE TABLE public.blog_housetype (
    id bigint NOT NULL,
    name character varying(200) NOT NULL
);


ALTER TABLE public.blog_housetype OWNER TO neondb_owner;

--
-- Name: blog_housetype_id_seq; Type: SEQUENCE; Schema: public; Owner: neondb_owner
--

ALTER TABLE public.blog_housetype ALTER COLUMN id ADD GENERATED BY DEFAULT AS IDENTITY (
    SEQUENCE NAME public.blog_housetype_id_seq
    START WITH 1
    INCREMENT BY 1
    NO MINVALUE
    NO MAXVALUE
    CACHE 1
);


--
-- Name: blog_post; Type: TABLE; Schema: public; Owner: neondb_owner
--

CREATE TABLE public.blog_post (
    monastery_id integer NOT NULL,
    name character varying(200) NOT NULL,
    slug character varying(200),
    county character varying(200) NOT NULL,
    year_founded integer NOT NULL,
    content text NOT NULL,
    coordinates character varying(50),
    created_on timestamp with time zone NOT NULL,
    updated_on timestamp with time zone NOT NULL,
    status integer NOT NULL,
    image_url character varying(500),
    created_by_id integer,
    house_type_id bigint,
    last_updated_by_id integer
);


ALTER TABLE public.blog_post OWNER TO neondb_owner;

--
-- Name: blog_post_monastery_id_seq; Type: SEQUENCE; Schema: public; Owner: neondb_owner
--

ALTER TABLE public.blog_post ALTER COLUMN monastery_id ADD GENERATED BY DEFAULT AS IDENTITY (
    SEQUENCE NAME public.blog_post_monastery_id_seq
    START WITH 1
    INCREMENT BY 1
    NO MINVALUE
    NO MAXVALUE
    CACHE 1
);


--
-- Name: django_admin_log; Type: TABLE; Schema: public; Owner: neondb_owner
--

CREATE TABLE public.django_admin_log (
    id integer NOT NULL,
    action_time timestamp with time zone NOT NULL,
    object_id text,
    object_repr character varying(200) NOT NULL,
    action_flag smallint NOT NULL,
    change_message text NOT NULL,
    content_type_id integer,
    user_id integer NOT NULL,
    CONSTRAINT django_admin_log_action_flag_check CHECK ((action_flag >= 0))
);


ALTER TABLE public.django_admin_log OWNER TO neondb_owner;

--
-- Name: django_admin_log_id_seq; Type: SEQUENCE; Schema: public; Owner: neondb_owner
--

ALTER TABLE public.django_admin_log ALTER COLUMN id ADD GENERATED BY DEFAULT AS IDENTITY (
    SEQUENCE NAME public.django_admin_log_id_seq
    START WITH 1
    INCREMENT BY 1
    NO MINVALUE
    NO MAXVALUE
    CACHE 1
);


--
-- Name: django_content_type; Type: TABLE; Schema: public; Owner: neondb_owner
--

CREATE TABLE public.django_content_type (
    id integer NOT NULL,
    app_label character varying(100) NOT NULL,
    model character varying(100) NOT NULL
);


ALTER TABLE public.django_content_type OWNER TO neondb_owner;

--
-- Name: django_content_type_id_seq; Type: SEQUENCE; Schema: public; Owner: neondb_owner
--

ALTER TABLE public.django_content_type ALTER COLUMN id ADD GENERATED BY DEFAULT AS IDENTITY (
    SEQUENCE NAME public.django_content_type_id_seq
    START WITH 1
    INCREMENT BY 1
    NO MINVALUE
    NO MAXVALUE
    CACHE 1
);


--
-- Name: django_migrations; Type: TABLE; Schema: public; Owner: neondb_owner
--

CREATE TABLE public.django_migrations (
    id bigint NOT NULL,
    app character varying(255) NOT NULL,
    name character varying(255) NOT NULL,
    applied timestamp with time zone NOT NULL
);


ALTER TABLE public.django_migrations OWNER TO neondb_owner;

--
-- Name: django_migrations_id_seq; Type: SEQUENCE; Schema: public; Owner: neondb_owner
--

ALTER TABLE public.django_migrations ALTER COLUMN id ADD GENERATED BY DEFAULT AS IDENTITY (
    SEQUENCE NAME public.django_migrations_id_seq
    START WITH 1
    INCREMENT BY 1
    NO MINVALUE
    NO MAXVALUE
    CACHE 1
);


--
-- Name: django_session; Type: TABLE; Schema: public; Owner: neondb_owner
--

CREATE TABLE public.django_session (
    session_key character varying(40) NOT NULL,
    session_data text NOT NULL,
    expire_date timestamp with time zone NOT NULL
);


ALTER TABLE public.django_session OWNER TO neondb_owner;

--
-- Name: django_site; Type: TABLE; Schema: public; Owner: neondb_owner
--

CREATE TABLE public.django_site (
    id integer NOT NULL,
    domain character varying(100) NOT NULL,
    name character varying(50) NOT NULL
);


ALTER TABLE public.django_site OWNER TO neondb_owner;

--
-- Name: django_site_id_seq; Type: SEQUENCE; Schema: public; Owner: neondb_owner
--

ALTER TABLE public.django_site ALTER COLUMN id ADD GENERATED BY DEFAULT AS IDENTITY (
    SEQUENCE NAME public.django_site_id_seq
    START WITH 1
    INCREMENT BY 1
    NO MINVALUE
    NO MAXVALUE
    CACHE 1
);


--
-- Name: django_summernote_attachment; Type: TABLE; Schema: public; Owner: neondb_owner
--

CREATE TABLE public.django_summernote_attachment (
    id bigint NOT NULL,
    name character varying(255),
    file character varying(100) NOT NULL,
    uploaded timestamp with time zone NOT NULL
);


ALTER TABLE public.django_summernote_attachment OWNER TO neondb_owner;

--
-- Name: django_summernote_attachment_id_seq; Type: SEQUENCE; Schema: public; Owner: neondb_owner
--

ALTER TABLE public.django_summernote_attachment ALTER COLUMN id ADD GENERATED BY DEFAULT AS IDENTITY (
    SEQUENCE NAME public.django_summernote_attachment_id_seq
    START WITH 1
    INCREMENT BY 1
    NO MINVALUE
    NO MAXVALUE
    CACHE 1
);


--
-- Name: socialaccount_socialaccount; Type: TABLE; Schema: public; Owner: neondb_owner
--

CREATE TABLE public.socialaccount_socialaccount (
    id integer NOT NULL,
    provider character varying(200) NOT NULL,
    uid character varying(191) NOT NULL,
    last_login timestamp with time zone NOT NULL,
    date_joined timestamp with time zone NOT NULL,
    extra_data text NOT NULL,
    user_id integer NOT NULL
);


ALTER TABLE public.socialaccount_socialaccount OWNER TO neondb_owner;

--
-- Name: socialaccount_socialaccount_id_seq; Type: SEQUENCE; Schema: public; Owner: neondb_owner
--

ALTER TABLE public.socialaccount_socialaccount ALTER COLUMN id ADD GENERATED BY DEFAULT AS IDENTITY (
    SEQUENCE NAME public.socialaccount_socialaccount_id_seq
    START WITH 1
    INCREMENT BY 1
    NO MINVALUE
    NO MAXVALUE
    CACHE 1
);


--
-- Name: socialaccount_socialapp; Type: TABLE; Schema: public; Owner: neondb_owner
--

CREATE TABLE public.socialaccount_socialapp (
    id integer NOT NULL,
    provider character varying(30) NOT NULL,
    name character varying(40) NOT NULL,
    client_id character varying(191) NOT NULL,
    secret character varying(191) NOT NULL,
    key character varying(191) NOT NULL,
    provider_id character varying(200) NOT NULL,
    settings jsonb NOT NULL
);


ALTER TABLE public.socialaccount_socialapp OWNER TO neondb_owner;

--
-- Name: socialaccount_socialapp_id_seq; Type: SEQUENCE; Schema: public; Owner: neondb_owner
--

ALTER TABLE public.socialaccount_socialapp ALTER COLUMN id ADD GENERATED BY DEFAULT AS IDENTITY (
    SEQUENCE NAME public.socialaccount_socialapp_id_seq
    START WITH 1
    INCREMENT BY 1
    NO MINVALUE
    NO MAXVALUE
    CACHE 1
);


--
-- Name: socialaccount_socialapp_sites; Type: TABLE; Schema: public; Owner: neondb_owner
--

CREATE TABLE public.socialaccount_socialapp_sites (
    id bigint NOT NULL,
    socialapp_id integer NOT NULL,
    site_id integer NOT NULL
);


ALTER TABLE public.socialaccount_socialapp_sites OWNER TO neondb_owner;

--
-- Name: socialaccount_socialapp_sites_id_seq; Type: SEQUENCE; Schema: public; Owner: neondb_owner
--

ALTER TABLE public.socialaccount_socialapp_sites ALTER COLUMN id ADD GENERATED BY DEFAULT AS IDENTITY (
    SEQUENCE NAME public.socialaccount_socialapp_sites_id_seq
    START WITH 1
    INCREMENT BY 1
    NO MINVALUE
    NO MAXVALUE
    CACHE 1
);


--
-- Name: socialaccount_socialtoken; Type: TABLE; Schema: public; Owner: neondb_owner
--

CREATE TABLE public.socialaccount_socialtoken (
    id integer NOT NULL,
    token text NOT NULL,
    token_secret text NOT NULL,
    expires_at timestamp with time zone,
    account_id integer NOT NULL,
    app_id integer
);


ALTER TABLE public.socialaccount_socialtoken OWNER TO neondb_owner;

--
-- Name: socialaccount_socialtoken_id_seq; Type: SEQUENCE; Schema: public; Owner: neondb_owner
--

ALTER TABLE public.socialaccount_socialtoken ALTER COLUMN id ADD GENERATED BY DEFAULT AS IDENTITY (
    SEQUENCE NAME public.socialaccount_socialtoken_id_seq
    START WITH 1
    INCREMENT BY 1
    NO MINVALUE
    NO MAXVALUE
    CACHE 1
);


--
-- Data for Name: about_about; Type: TABLE DATA; Schema: public; Owner: neondb_owner
--

COPY public.about_about (id, title, profile_image, updated_on, content) FROM stdin;
\.


--
-- Data for Name: about_collaboraterequest; Type: TABLE DATA; Schema: public; Owner: neondb_owner
--

COPY public.about_collaboraterequest (id, name, email, message, read) FROM stdin;
\.


--
-- Data for Name: account_emailaddress; Type: TABLE DATA; Schema: public; Owner: neondb_owner
--

COPY public.account_emailaddress (id, email, verified, "primary", user_id) FROM stdin;
1	felix@email.com	f	t	3
\.


--
-- Data for Name: account_emailconfirmation; Type: TABLE DATA; Schema: public; Owner: neondb_owner
--

COPY public.account_emailconfirmation (id, created, sent, key, email_address_id) FROM stdin;
\.


--
-- Data for Name: archive_approvedpost; Type: TABLE DATA; Schema: public; Owner: neondb_owner
--

COPY public.archive_approvedpost (id, name, slug, county, year_founded, content, coordinates, image_url, created_on, updated_on, house_type_id, post_id) FROM stdin;
\.


--
-- Data for Name: auth_group; Type: TABLE DATA; Schema: public; Owner: neondb_owner
--

COPY public.auth_group (id, name) FROM stdin;
\.


--
-- Data for Name: auth_group_permissions; Type: TABLE DATA; Schema: public; Owner: neondb_owner
--

COPY public.auth_group_permissions (id, group_id, permission_id) FROM stdin;
\.


--
-- Data for Name: auth_permission; Type: TABLE DATA; Schema: public; Owner: neondb_owner
--

COPY public.auth_permission (id, name, content_type_id, codename) FROM stdin;
1	Can add log entry	1	add_logentry
2	Can change log entry	1	change_logentry
3	Can delete log entry	1	delete_logentry
4	Can view log entry	1	view_logentry
5	Can add permission	2	add_permission
6	Can change permission	2	change_permission
7	Can delete permission	2	delete_permission
8	Can view permission	2	view_permission
9	Can add group	3	add_group
10	Can change group	3	change_group
11	Can delete group	3	delete_group
12	Can view group	3	view_group
13	Can add user	4	add_user
14	Can change user	4	change_user
15	Can delete user	4	delete_user
16	Can view user	4	view_user
17	Can add content type	5	add_contenttype
18	Can change content type	5	change_contenttype
19	Can delete content type	5	delete_contenttype
20	Can view content type	5	view_contenttype
21	Can add session	6	add_session
22	Can change session	6	change_session
23	Can delete session	6	delete_session
24	Can view session	6	view_session
25	Can add post	7	add_post
26	Can change post	7	change_post
27	Can delete post	7	delete_post
28	Can view post	7	view_post
29	Can add religious order	8	add_religiousorder
30	Can change religious order	8	change_religiousorder
31	Can delete religious order	8	delete_religiousorder
32	Can view religious order	8	view_religiousorder
33	Can add attachment	9	add_attachment
34	Can change attachment	9	change_attachment
35	Can delete attachment	9	delete_attachment
36	Can view attachment	9	view_attachment
37	Can add site	10	add_site
38	Can change site	10	change_site
39	Can delete site	10	delete_site
40	Can view site	10	view_site
41	Can add email address	11	add_emailaddress
42	Can change email address	11	change_emailaddress
43	Can delete email address	11	delete_emailaddress
44	Can view email address	11	view_emailaddress
45	Can add email confirmation	12	add_emailconfirmation
46	Can change email confirmation	12	change_emailconfirmation
47	Can delete email confirmation	12	delete_emailconfirmation
48	Can view email confirmation	12	view_emailconfirmation
49	Can add social account	13	add_socialaccount
50	Can change social account	13	change_socialaccount
51	Can delete social account	13	delete_socialaccount
52	Can view social account	13	view_socialaccount
53	Can add social application	14	add_socialapp
54	Can change social application	14	change_socialapp
55	Can delete social application	14	delete_socialapp
56	Can view social application	14	view_socialapp
57	Can add social application token	15	add_socialtoken
58	Can change social application token	15	change_socialtoken
59	Can delete social application token	15	delete_socialtoken
60	Can view social application token	15	view_socialtoken
61	Can add house type	16	add_housetype
62	Can change house type	16	change_housetype
63	Can delete house type	16	delete_housetype
64	Can view house type	16	view_housetype
65	Can add holding	17	add_holding
66	Can change holding	17	change_holding
67	Can delete holding	17	delete_holding
68	Can view holding	17	view_holding
69	Can add approved post	18	add_approvedpost
70	Can change approved post	18	change_approvedpost
71	Can delete approved post	18	delete_approvedpost
72	Can view approved post	18	view_approvedpost
73	Can add tag	19	add_tag
74	Can change tag	19	change_tag
75	Can delete tag	19	delete_tag
76	Can view tag	19	view_tag
77	Can add about	20	add_about
78	Can change about	20	change_about
79	Can delete about	20	delete_about
80	Can view about	20	view_about
81	Can add collaborate request	21	add_collaboraterequest
82	Can change collaborate request	21	change_collaboraterequest
83	Can delete collaborate request	21	delete_collaboraterequest
84	Can view collaborate request	21	view_collaboraterequest
85	Can add approved post	22	add_approvedpost
86	Can change approved post	22	change_approvedpost
87	Can delete approved post	22	delete_approvedpost
88	Can view approved post	22	view_approvedpost
89	Can add financial detail	23	add_financialdetail
90	Can change financial detail	23	change_financialdetail
91	Can delete financial detail	23	delete_financialdetail
92	Can view financial detail	23	view_financialdetail
\.


--
-- Data for Name: auth_user; Type: TABLE DATA; Schema: public; Owner: neondb_owner
--

COPY public.auth_user (id, password, last_login, is_superuser, username, first_name, last_name, email, is_staff, is_active, date_joined) FROM stdin;
1	pbkdf2_sha256$600000$bza7postpG4tVkbdrYYA5s$wsc/zQitvh5+7N2ntrdYmusxHoR5Q7biR+Cx8Aizjx4=	2025-01-28 04:55:21.049375+00	t	csmatthew			christopher.s.matthew@gmail.com	t	t	2025-01-20 17:02:45.343825+00
2	pbkdf2_sha256$600000$ExYxTFVaSdtqIMgl5QCpZT$IIEBZzkZCzqseGzAXx5JQwIGEJnOyS7AbL4FmDzIOkg=	2025-01-28 05:00:57.557326+00	f	sabrina			sabrina@email.com	f	t	2025-01-22 14:03:49.151545+00
3	pbkdf2_sha256$600000$H7UQEsci5aVC37SCB99XTA$ndeq6NjiaauzyssxELI4TcNzHn/H3aQiqlzgusbNT8o=	2025-01-22 22:02:22.943504+00	f	felix			felix@email.com	f	t	2025-01-22 22:02:22.504248+00
\.


--
-- Data for Name: auth_user_groups; Type: TABLE DATA; Schema: public; Owner: neondb_owner
--

COPY public.auth_user_groups (id, user_id, group_id) FROM stdin;
\.


--
-- Data for Name: auth_user_user_permissions; Type: TABLE DATA; Schema: public; Owner: neondb_owner
--

COPY public.auth_user_user_permissions (id, user_id, permission_id) FROM stdin;
\.


--
-- Data for Name: blog_approvedpost; Type: TABLE DATA; Schema: public; Owner: neondb_owner
--

COPY public.blog_approvedpost (id, name, slug, county, year_founded, content, coordinates, image_url, created_on, updated_on, house_type_id, post_id) FROM stdin;
24	Cymer	cymer-abbey	Gwynedd	1199		52.757778, -3.895278	https://upload.wikimedia.org/wikipedia/commons/thumb/7/77/The_Ruins_of_Cymer_Abbey_-_geograph.org.uk_-_3795241.jpg/500px-The_Ruins_of_Cymer_Abbey_-_geograph.org.uk_-_3795241.jpg	2025-01-27 03:10:14.17859+00	2025-01-27 17:21:32.634907+00	1	24
45	Kirkstall	kirkstall-abbey	Yorkshire West	1152		53.821, -1.6066	https://upload.wikimedia.org/wikipedia/commons/thumb/6/6c/Kirkstall_Abbey_in_the_late_afternoon.jpg/500px-Kirkstall_Abbey_in_the_late_afternoon.jpg	2025-01-27 03:14:07.156589+00	2025-01-27 17:22:12.815218+00	1	45
49	Maenan	maenan-abbey	Clwyd	1283		53.1746099354241, -3.81262042100356	https://upload.wikimedia.org/wikipedia/commons/thumb/3/33/MaenanAbbey.JPG/500px-MaenanAbbey.JPG	2025-01-27 03:14:08.026376+00	2025-01-27 23:28:07.520057+00	1	49
8	Bordesley	bordesley-abbey	Worcestershire	1138		52.31677310036196,, -1.93384481926931	https://upload.wikimedia.org/wikipedia/commons/thumb/a/ab/Bordesley_Abbey_excavation.jpg/500px-Bordesley_Abbey_excavation.jpg	2025-01-27 03:10:11.019899+00	2025-01-27 17:36:31.93534+00	1	8
12	Buckland	buckland-abbey	Devon	1278		50.4811645041418, -4.1336401420832	\N	2025-01-27 03:10:11.793121+00	2025-01-27 03:31:13.292022+00	1	12
4	Basingwerk	basingwerk-abbey	Clwyd	1131		53.288, -3.208	\N	2025-01-27 03:10:10.246623+00	2025-01-27 03:31:17.169663+00	1	4
5	Beaulieu	beaulieu-abbey	Hampshire	1203		50.82164, -1.44913	\N	2025-01-27 03:10:10.440163+00	2025-01-27 03:31:17.345617+00	1	5
6	Biddlesden	biddlesden-abbey	Buckinghamshire	1147		52.0539, -1.0797	\N	2025-01-27 03:10:10.63367+00	2025-01-27 03:31:17.52133+00	1	6
7	Bindon	bindon-abbey	Dorset	1172		50.682, -2.22	\N	2025-01-27 03:10:10.827062+00	2025-01-27 03:31:17.697488+00	1	7
9	Boxley	boxley-abbey	Kent	1143		51.3009851469501, 0.522964187237707	\N	2025-01-27 03:10:11.213059+00	2025-01-27 03:31:18.050519+00	1	9
32	Forde	forde-abbey	Dorset	1151		50.8408329999989, -2.90999999999989	\N	2025-01-27 03:14:04.317593+00	2025-01-27 03:34:48.700138+00	1	32
22	Culross	culross-abbey	Fife	1217		56.0583092633787, -3.62539989263377	\N	2025-01-27 03:10:13.79118+00	2025-01-27 03:31:15.055288+00	1	22
14	Byland	byland-abbey	Yorkshire North	1135		54.2031, -1.1592	\N	2025-01-27 03:10:12.178813+00	2025-01-27 03:31:13.644349+00	1	14
15	Calder	calder-abbey	Cumbria	1143		54.444167, -3.466111	\N	2025-01-27 03:10:12.392457+00	2025-01-27 03:31:13.821674+00	1	15
16	Cleeve	cleeve-abbey	Somerset	1198		51.1573661332003, -3.36375103650809	\N	2025-01-27 03:10:12.585659+00	2025-01-27 03:31:13.997345+00	1	16
17	Coggleshall	coggleshall-abbey	Essex	1140		51.8691479349598, 0.692491311680949	\N	2025-01-27 03:10:12.817911+00	2025-01-27 03:31:14.174051+00	1	17
18	Combe	combe-abbey	Warwickshire	1150		52.41454472775692,, -1.40824078547345	\N	2025-01-27 03:10:13.010933+00	2025-01-27 03:31:14.350339+00	1	18
28	Dieulacres	dieulacres-abbey	Cheshire	1214		53.117934, -2.026715	\N	2025-01-27 03:14:03.446413+00	2025-01-27 03:34:49.936234+00	1	28
20	Coupar Angus	coupar-angus-abbey	Perth and Kinross	1154		56.5435569978253, -3.26457689654918	\N	2025-01-27 03:10:13.404072+00	2025-01-27 03:31:14.702179+00	1	20
1	Abbey Dore	abbey-dore-abbey	Herefordshire	1147		51.96778, -2.89368	\N	2025-01-27 03:10:09.638486+00	2025-01-27 03:31:16.64052+00	1	1
3	Balmerino	balmerino-abbey	Fife	1227		56.409167, -3.041111	\N	2025-01-27 03:10:10.052691+00	2025-01-27 03:31:16.992698+00	1	3
23	Cwmhir	cwmhir-abbey	Powys	1143		52.32983, -3.38755	\N	2025-01-27 03:10:13.984236+00	2025-01-27 03:31:15.232752+00	1	23
25	Darnhall	darnhall-abbey	Cheshire	1266		53.1668625150924, -2.52899772818544	\N	2025-01-27 03:10:14.371943+00	2025-01-27 03:31:15.585006+00	1	25
26	Deer	deer-abbey	Aberdeenshire	1219		57.5233157127306, -2.05428055896505	\N	2025-01-27 03:10:14.567116+00	2025-01-27 03:31:15.760843+00	1	26
29	Dundrennan	dundrennan-abbey	Dumfries and Galloway	1142		54.8067696943738, -3.94723244463967	\N	2025-01-27 03:14:03.663787+00	2025-01-27 03:34:50.113029+00	1	29
37	Grace Dieu	grace-dieu-abbey	Gwent	1226		51.8139645240688, -2.79748286611936	\N	2025-01-27 03:14:05.414293+00	2025-01-27 03:34:50.46675+00	1	37
19	Combermere	combermere-abbey	Cheshire	1133		52.993611, -2.613889	\N	2025-01-27 03:10:13.205492+00	2025-01-27 03:31:16.465034+00	1	19
11	Buckfast	buckfast-abbey	Devon	1136		50.4928192932746, -3.77588314995602	\N	2025-01-27 03:10:11.599981+00	2025-01-27 03:31:13.11579+00	1	11
53	Melrose	melrose-abbey	Scottish Borders	1136		55.5991646484067, -2.71865549928513	\N	2025-01-27 03:14:08.903721+00	2025-01-27 03:34:49.054376+00	1	53
2	Aberconwy	aberconwy-abbey	Clwyd	1190		53.2807, -3.8289	\N	2025-01-27 03:10:09.85884+00	2025-01-27 03:31:16.816645+00	1	2
31	Flaxley	flaxley-abbey	Gloucestershire	1201		51.8361109456651, -2.45203185318467	\N	2025-01-27 03:14:04.099915+00	2025-01-27 03:34:49.760165+00	1	31
38	Hailes	hailes-abbey	Gloucestershire	1246		51.968580289292, -1.92836206689782	\N	2025-01-27 03:14:05.631729+00	2025-01-27 03:34:50.64314+00	1	38
39	Hazleton	hazleton-abbey	Gloucestershire	1250		51.858, -1.886	\N	2025-01-27 03:14:05.84874+00	2025-01-27 03:34:50.819009+00	1	39
41	Hulton	hulton-abbey	Staffordshire	1150		53.0395108850454, -2.14251398995892	\N	2025-01-27 03:14:06.288291+00	2025-01-27 03:34:50.994667+00	1	41
43	Kingswood	kingswood-abbey	Gloucestershire	1139		51.626389, -2.366667	\N	2025-01-27 03:14:06.722025+00	2025-01-27 03:34:51.347561+00	1	43
44	Kinloss	kinloss-abbey	Moray	1139		57.633800352594, -3.56647415153346	\N	2025-01-27 03:14:06.939318+00	2025-01-27 03:34:51.523778+00	1	44
46	Kirkstead	kirkstead-abbey	Lincolnshire	1139		53.138463, -0.223131	\N	2025-01-27 03:14:07.374381+00	2025-01-27 03:34:51.876075+00	1	46
47	Llantarnam	llantarnam-abbey	Gwent	1179		51.6308, -2.9961	\N	2025-01-27 03:14:07.591487+00	2025-01-27 03:34:52.052327+00	1	47
48	Louth Park	louth-park-abbey	Lincolnshire	1137		53.37657, 0.027	\N	2025-01-27 03:14:07.808732+00	2025-01-27 03:34:52.228378+00	1	48
50	Margam	margam-abbey	Glamorgan West	1147		51.5561, -3.7292	\N	2025-01-27 03:14:08.243804+00	2025-01-27 03:34:52.581338+00	1	50
51	Meaux	meaux-abbey	Yorkshire East	1151		53.83938, -0.34193	\N	2025-01-27 03:14:08.460952+00	2025-01-27 03:34:52.785617+00	1	51
52	Medmenham	medmenham-abbey	Buckinghamshire	1202		51.554, -0.838	\N	2025-01-27 03:14:08.678472+00	2025-01-27 03:34:52.961802+00	1	52
54	Merevale	merevale-abbey	Warwickshire	1148		52.5765351832017, -1.57288481428436	\N	2025-01-27 03:14:09.120736+00	2025-01-27 03:34:53.138751+00	1	54
55	Neath	neath-abbey	Glamorgan West	1130		51.6607978229225, -3.82625735587005	\N	2025-01-27 03:14:09.337339+00	2025-01-27 03:34:53.314528+00	1	55
33	Fountains	fountains-abbey	Yorkshire North	1136		54.109722, -1.581389	\N	2025-01-27 03:14:04.534205+00	2025-01-27 03:34:59.32756+00	1	33
34	Furness	furness-abbey	Cumbria	1135		54.1357945775063, -3.19824680872649	\N	2025-01-27 03:14:04.751457+00	2025-01-27 03:34:59.67963+00	1	34
35	Garendon	garendon-abbey	Leicestershire	1123		52.7742225461539, -1.25858152450523	\N	2025-01-27 03:14:04.969458+00	2025-01-27 03:34:59.855569+00	1	35
10	Bruern	bruern-abbey	Oxfordshire	1147		51.8812895141084, -1.6161545058663	\N	2025-01-27 03:10:11.406076+00	2025-01-27 03:31:12.939563+00	1	10
73	St Bernard's	st-bernards-college	Oxfordshire	1437		51.75612, -1.258605	\N	2025-01-27 03:14:13.289526+00	2025-01-27 03:37:58.655596+00	2	73
36	Glenluce	glenluce-abbey	Dumfries and Galloway	1133		54.889729395917, -4.83152622360752	https://upload.wikimedia.org/wikipedia/commons/thumb/7/7b/Glenluce_Abbey.jpg/500px-Glenluce_Abbey.jpg	2025-01-27 03:14:05.186277+00	2025-01-27 15:12:24.180385+00	1	36
69	Saddell	saddell-abbey	Argyll and Bute	1160		55.5320473148363, -5.51110030578696	https://upload.wikimedia.org/wikipedia/commons/thumb/6/62/Saddell_Abbey_ruins_-_geograph.org.uk_-_737066.jpg/500px-Saddell_Abbey_ruins_-_geograph.org.uk_-_737066.jpg	2025-01-27 03:14:12.421243+00	2025-01-27 15:14:08.754273+00	1	69
91	Whalley	whalley-abbey	Lancashire	1296		53.8202°N 2.4104°W	https://upload.wikimedia.org/wikipedia/commons/thumb/b/bc/Whalley_Abbey_-_geograph.org.uk_-_1923754.jpg/500px-Whalley_Abbey_-_geograph.org.uk_-_1923754.jpg	2025-01-27 03:14:17.249842+00	2025-01-27 15:22:34.352533+00	1	91
89	Wardon	wardon-abbey	Bedfordshire	1136		52.0816402612703, -0.366024504722725	https://upload.wikimedia.org/wikipedia/commons/thumb/f/ff/Warden_Abbey_%28428017%29.jpg/500px-Warden_Abbey_%28428017%29.jpg	2025-01-27 03:14:16.814553+00	2025-01-27 17:21:43.263018+00	1	89
13	Buildwas	buildwas-abbey	Shropshire	1135		52.6353510341295, -2.5285518376997	https://upload.wikimedia.org/wikipedia/commons/thumb/d/da/BuildwasAbbey.jpg/500px-BuildwasAbbey.jpg	2025-01-27 03:10:11.985949+00	2025-01-27 17:21:53.40128+00	1	13
72	Sibton	sibton-abbey	Suffolk	1150		52.2755861407587, 1.46541225436587	https://upload.wikimedia.org/wikipedia/commons/thumb/2/2a/Remains_of_Sibton_Abbey_Suffolk_by_Henry_Davy_1827.jpg/500px-Remains_of_Sibton_Abbey_Suffolk_by_Henry_Davy_1827.jpg	2025-01-27 03:14:13.072979+00	2025-01-27 17:22:02.910218+00	1	72
21	Croxden	croxden-abbey	Staffordshire	1176		52.9546748921307, -1.90430475471702	https://upload.wikimedia.org/wikipedia/commons/e/e2/CroxdenAbbey%28LindaBailey%29Aug2006.jpg	2025-01-27 03:10:13.59739+00	2025-01-27 17:22:24.795166+00	1	21
63	Revesby	revesby-abbey	Lincolnshire	1143		53.1429531712881, -0.0468753862648532	https://upload.wikimedia.org/wikipedia/commons/thumb/e/ee/Revesby_Abbey%2C_Lincolnshire_%28geograph_4661516%29.jpg/500px-Revesby_Abbey%2C_Lincolnshire_%28geograph_4661516%29.jpg	2025-01-27 03:14:11.116417+00	2025-01-27 17:24:31.982786+00	1	63
93	Woburn	woburn-abbey	Bedfordshire	1145		51.9831, -0.5968	\N	2025-01-27 03:14:17.684518+00	2025-01-27 03:35:00.209593+00	1	93
88	Vaudey	vaudey-abbey	Lincolnshire	1147		52.782222, -0.464444	\N	2025-01-27 03:14:16.597875+00	2025-01-27 03:34:49.583357+00	1	88
30	Eastminster	eastminster-abbey	London Greater	1350		51.509385572851, -0.0723032030159468	\N	2025-01-27 03:14:03.88093+00	2025-01-27 03:34:50.289793+00	1	30
56	Netley	netley-abbey	Hampshire	1239		50.8787482099356, -1.35751720390166	\N	2025-01-27 03:14:09.555007+00	2025-01-27 03:34:53.490064+00	1	56
57	Newbattle	newbattle-abbey	Lothian Mid	1140		55.8826425260057, -3.06697170352357	\N	2025-01-27 03:14:09.7742+00	2025-01-27 03:34:53.665528+00	1	57
58	Newenham	newenham-abbey	Devon	1247		50.7749863352125, -3.00000276522006	\N	2025-01-27 03:14:09.992211+00	2025-01-27 03:34:53.84199+00	1	58
60	Pipewell	pipewell-abbey	Northamptonshire	1143		52.461747, -0.764312	\N	2025-01-27 03:14:10.463259+00	2025-01-27 03:34:54.194073+00	1	60
61	Poulton	poulton-abbey	Cheshire	1153		53.1192, -2.8924	\N	2025-01-27 03:14:10.681304+00	2025-01-27 03:34:54.370342+00	1	61
62	Quarr	quarr-abbey	Isle of Wight	1132		50.7314799464801, -1.20461774909797	\N	2025-01-27 03:14:10.898564+00	2025-01-27 03:34:54.546683+00	1	62
64	Rewley	rewley-abbey	Oxfordshire	1281		51.7541804175817, -1.26790188307783	\N	2025-01-27 03:14:11.334133+00	2025-01-27 03:34:54.899214+00	1	64
66	Robertsbridge	robertsbridge-abbey	Sussex East	1176		50.9871315712866, 0.498665338923108	\N	2025-01-27 03:14:11.768391+00	2025-01-27 03:34:55.075197+00	1	66
67	Roche	roche-abbey	Yorkshire South	1147		53.4025, -1.1834	\N	2025-01-27 03:14:11.98543+00	2025-01-27 03:34:55.251455+00	1	67
70	Sawley	sawley-abbey	Lancashire	1148		53.9134, -2.3418	\N	2025-01-27 03:14:12.63828+00	2025-01-27 03:34:55.797262+00	1	70
71	Sawtry	sawtry-abbey	Cambridgeshire	1147		52.4277526660619, -0.240625649450749	\N	2025-01-27 03:14:12.85607+00	2025-01-27 03:34:55.980324+00	1	71
74	Stanley	stanley-abbey	Wiltshire	1151		51.4492888581199, -2.05392054840744	\N	2025-01-27 03:14:13.507781+00	2025-01-27 03:34:56.508057+00	1	74
75	Stanlow	stanlow-abbey	Cheshire	1178		53.29, -2.86	\N	2025-01-27 03:14:13.7264+00	2025-01-27 03:34:56.684185+00	1	75
76	Stoneleigh	stoneleigh-abbey	Warwickshire	1141		52.3383390493968, -1.53412058284938	\N	2025-01-27 03:14:13.945081+00	2025-01-27 03:34:56.862063+00	1	76
77	Strata Florida	strata-florida-abbey	Dyfed	1164		52.275104, -3.839376	\N	2025-01-27 03:14:14.162511+00	2025-01-27 03:34:57.037682+00	1	77
79	Stratford Langthorne	stratford-langthorne-abbey	London Greater	1135		51.533313384568, -0.00000194310891564148	\N	2025-01-27 03:14:14.623351+00	2025-01-27 03:34:57.213749+00	1	79
80	Sweetheart	sweetheart-abbey	Dumfries and Galloway	1273		54.9802225432827, -3.61899897586265	\N	2025-01-27 03:14:14.842255+00	2025-01-27 03:34:57.390304+00	1	80
81	Swineshead	swineshead-abbey	Lincolnshire	1136		52.94869, -0.142763	\N	2025-01-27 03:14:15.061928+00	2025-01-27 03:34:57.566318+00	1	81
82	Thame	thame-abbey	Oxfordshire	1137		51.727916, -0.963279	\N	2025-01-27 03:14:15.279978+00	2025-01-27 03:34:57.74269+00	1	82
83	Tilty	tilty-abbey	Essex	1153		51.9141662695178, 0.324615410479937	\N	2025-01-27 03:14:15.499216+00	2025-01-27 03:34:57.919157+00	1	83
84	Tintern	tintern-abbey	Gwent	1131		51.697, -2.677	\N	2025-01-27 03:14:15.727641+00	2025-01-27 03:34:58.095246+00	1	84
85	Trawscoed	trawscoed-abbey	Dyfed	1173		52.3399731228628, -3.9539981843883	\N	2025-01-27 03:14:15.946068+00	2025-01-27 03:34:58.271685+00	1	85
86	Vale Royal	vale-royal-abbey	Cheshire	1274		53.224627805701, -2.54263673909986	\N	2025-01-27 03:14:16.163438+00	2025-01-27 03:34:58.447643+00	1	86
87	Valle Crucis	valle-crucis-abbey	Clwyd	1201		52.98918, -3.187142	\N	2025-01-27 03:14:16.380867+00	2025-01-27 03:34:58.62364+00	1	87
90	Waverley	waverley-abbey	Surrey	1128		51.2, -0.76	\N	2025-01-27 03:14:17.031917+00	2025-01-27 03:34:58.975288+00	1	90
92	Whitland	whitland-abbey	Dyfed	1140		51.83367, -4.60189	\N	2025-01-27 03:14:17.466983+00	2025-01-27 03:34:59.151816+00	1	92
40	Holmcultram	holmcultram-abbey	Cumbria	1246		54.8453365000834, -3.2828837185107	\N	2025-01-27 03:14:06.069554+00	2025-01-27 03:34:48.878433+00	1	40
65	Rievaulx	rievaulx-abbey	Yorkshire North	1132		54.2575335124645, -1.11677563011629	\N	2025-01-27 03:14:11.551473+00	2025-01-27 03:34:49.230725+00	1	65
78	Strata Marcella	strata-marcella-abbey	Powys	1170		52.686119, -3.109249	\N	2025-01-27 03:14:14.403056+00	2025-01-27 03:34:49.406597+00	1	78
42	Jervaulx	jervaulx-abbey	Yorkshire North	1156		54.266944, -1.738056	https://upload.wikimedia.org/wikipedia/commons/thumb/6/68/Jervaulx_Abbey%2C_geograph.jpg/500px-Jervaulx_Abbey%2C_geograph.jpg	2025-01-27 03:14:06.505627+00	2025-01-27 17:50:09.31595+00	1	42
68	Rufford	rufford-abbey	Nottinghamshire	1146		53.1762853841648, -1.03564281455694	https://upload.wikimedia.org/wikipedia/commons/thumb/8/8b/Rufford_Abbey.jpg/500px-Rufford_Abbey.jpg	2025-01-27 03:14:12.202464+00	2025-01-27 20:15:50.252071+00	1	68
\.


--
-- Data for Name: blog_financialdetail; Type: TABLE DATA; Schema: public; Owner: neondb_owner
--

COPY public.blog_financialdetail (id, holding_title, holding_pounds, holding_shillings, holding_pence, post_id) FROM stdin;
1	Wigorn	34	19	4	8
2	Hewell	23	16	8	8
3	Cobley	131	17	11	8
35	test	123	123	123	94
38	Newcodebury	23	52	12	94
40	asdfa	3	5	2	94
53	testbury	13	20	9	94
54	testbury	13	20	9	94
55	testbury	13	20	9	94
56	\N	\N	\N	\N	94
57	\N	\N	\N	\N	94
58	\N	\N	\N	\N	94
59	\N	\N	\N	\N	94
60	\N	\N	\N	\N	94
61	\N	\N	\N	\N	94
62	\N	\N	\N	\N	94
63	\N	\N	\N	\N	94
66	\N	\N	\N	\N	94
67	\N	\N	\N	\N	94
68	\N	\N	\N	\N	94
69	\N	\N	\N	\N	94
70	\N	\N	\N	\N	94
71	\N	\N	\N	\N	94
\.


--
-- Data for Name: blog_housetype; Type: TABLE DATA; Schema: public; Owner: neondb_owner
--

COPY public.blog_housetype (id, name) FROM stdin;
1	Abbey
2	College
\.


--
-- Data for Name: blog_post; Type: TABLE DATA; Schema: public; Owner: neondb_owner
--

COPY public.blog_post (monastery_id, name, slug, county, year_founded, content, coordinates, created_on, updated_on, status, image_url, created_by_id, house_type_id, last_updated_by_id) FROM stdin;
40	Holmcultram	holmcultram-abbey	Cumbria	1246		54.8453365000834, -3.2828837185107	1970-01-01 00:00:00+00	2025-01-27 18:22:24.617134+00	2	\N	\N	1	\N
49	Maenan	maenan-abbey	Clwyd	1283		53.1746099354241, -3.81262042100356	1970-01-01 00:00:00+00	2025-01-27 23:28:07.41334+00	2	https://upload.wikimedia.org/wikipedia/commons/thumb/3/33/MaenanAbbey.JPG/500px-MaenanAbbey.JPG	\N	1	\N
65	Rievaulx	rievaulx-abbey	Yorkshire North	1132		54.2575335124645, -1.11677563011629	1970-01-01 00:00:00+00	2025-01-27 18:22:24.669879+00	2	\N	\N	1	\N
78	Strata Marcella	strata-marcella-abbey	Powys	1170		52.686119, -3.109249	1970-01-01 00:00:00+00	2025-01-27 18:22:24.696178+00	2	\N	\N	1	\N
88	Vaudey	vaudey-abbey	Lincolnshire	1147		52.782222, -0.464444	1970-01-01 00:00:00+00	2025-01-27 18:22:24.722469+00	2	\N	\N	1	\N
71	Sawtry	sawtry-abbey	Cambridgeshire	1147		52.4277526660619, -0.240625649450749	1970-01-01 00:00:00+00	2025-01-27 18:22:24.775258+00	2	\N	\N	1	\N
72	Sibton	sibton-abbey	Suffolk	1150		52.2755861407587, 1.46541225436587	1970-01-01 00:00:00+00	2025-01-27 18:22:24.80142+00	2	https://upload.wikimedia.org/wikipedia/commons/thumb/2/2a/Remains_of_Sibton_Abbey_Suffolk_by_Henry_Davy_1827.jpg/500px-Remains_of_Sibton_Abbey_Suffolk_by_Henry_Davy_1827.jpg	\N	1	\N
19	Combermere	combermere-abbey	Cheshire	1133		52.993611, -2.613889	1970-01-01 00:00:00+00	2025-01-27 18:22:24.827878+00	2	\N	\N	1	\N
68	Rufford	rufford-abbey	Nottinghamshire	1146		53.1762853841648, -1.03564281455694	1970-01-01 00:00:00+00	2025-01-27 20:15:50.14897+00	2	https://upload.wikimedia.org/wikipedia/commons/thumb/8/8b/Rufford_Abbey.jpg/500px-Rufford_Abbey.jpg	\N	1	\N
69	Saddell	saddell-abbey	Argyll and Bute	1160		55.5320473148363, -5.51110030578696	1970-01-01 00:00:00+00	2025-01-27 18:22:25.69259+00	2	https://upload.wikimedia.org/wikipedia/commons/thumb/6/62/Saddell_Abbey_ruins_-_geograph.org.uk_-_737066.jpg/500px-Saddell_Abbey_ruins_-_geograph.org.uk_-_737066.jpg	\N	1	\N
45	Kirkstall	kirkstall-abbey	Yorkshire West	1152		53.821, -1.6066	1970-01-01 00:00:00+00	2025-01-27 18:22:25.718897+00	2	https://upload.wikimedia.org/wikipedia/commons/thumb/6/6c/Kirkstall_Abbey_in_the_late_afternoon.jpg/500px-Kirkstall_Abbey_in_the_late_afternoon.jpg	\N	1	\N
63	Revesby	revesby-abbey	Lincolnshire	1143		53.1429531712881, -0.0468753862648532	1970-01-01 00:00:00+00	2025-01-27 18:22:25.745069+00	2	https://upload.wikimedia.org/wikipedia/commons/thumb/e/ee/Revesby_Abbey%2C_Lincolnshire_%28geograph_4661516%29.jpg/500px-Revesby_Abbey%2C_Lincolnshire_%28geograph_4661516%29.jpg	\N	1	\N
42	Jervaulx	jervaulx-abbey	Yorkshire North	1156		54.266944, -1.738056	1970-01-01 00:00:00+00	2025-01-27 18:22:25.771198+00	2	https://upload.wikimedia.org/wikipedia/commons/thumb/6/68/Jervaulx_Abbey%2C_geograph.jpg/500px-Jervaulx_Abbey%2C_geograph.jpg	\N	1	\N
53	Melrose	melrose-abbey	Scottish Borders	1136		55.5991646484067, -2.71865549928513	1970-01-01 00:00:00+00	2025-01-27 22:48:45.491117+00	2	https://upload.wikimedia.org/wikipedia/commons/0/0e/Melrose_Abbey_from_the_burial_ground_-_geograph.org.uk_-_781601.jpg	\N	1	\N
32	Forde	forde-abbey	Dorset	1151		50.8408329999989, -2.90999999999989	1970-01-01 00:00:00+00	2025-01-27 18:22:24.589226+00	2	\N	\N	1	\N
28	Dieulacres	dieulacres-abbey	Cheshire	1214		53.117934, -2.026715	1970-01-01 00:00:00+00	2025-01-27 18:22:24.854182+00	2	\N	\N	1	\N
29	Dundrennan	dundrennan-abbey	Dumfries and Galloway	1142		54.8067696943738, -3.94723244463967	1970-01-01 00:00:00+00	2025-01-27 18:22:24.880395+00	2	\N	\N	1	\N
30	Eastminster	eastminster-abbey	London Greater	1350		51.509385572851, -0.0723032030159468	1970-01-01 00:00:00+00	2025-01-27 18:22:24.906714+00	2	\N	\N	1	\N
10	Bruern	bruern-abbey	Oxfordshire	1147		51.8812895141084, -1.6161545058663	1970-01-01 00:00:00+00	2025-01-27 18:22:24.933116+00	2	\N	\N	1	\N
43	Kingswood	kingswood-abbey	Gloucestershire	1139		51.626389, -2.366667	1970-01-01 00:00:00+00	2025-01-27 18:22:24.959438+00	2	\N	\N	1	\N
44	Kinloss	kinloss-abbey	Moray	1139		57.633800352594, -3.56647415153346	1970-01-01 00:00:00+00	2025-01-27 18:22:24.985597+00	2	\N	\N	1	\N
46	Kirkstead	kirkstead-abbey	Lincolnshire	1139		53.138463, -0.223131	1970-01-01 00:00:00+00	2025-01-27 18:22:25.011782+00	2	\N	\N	1	\N
48	Louth Park	louth-park-abbey	Lincolnshire	1137		53.37657, 0.027	1970-01-01 00:00:00+00	2025-01-27 18:22:25.037971+00	2	\N	\N	1	\N
50	Margam	margam-abbey	Glamorgan West	1147		51.5561, -3.7292	1970-01-01 00:00:00+00	2025-01-27 18:22:25.064253+00	2	\N	\N	1	\N
51	Meaux	meaux-abbey	Yorkshire East	1151		53.83938, -0.34193	1970-01-01 00:00:00+00	2025-01-27 18:22:25.090453+00	2	\N	\N	1	\N
52	Medmenham	medmenham-abbey	Buckinghamshire	1202		51.554, -0.838	1970-01-01 00:00:00+00	2025-01-27 18:22:25.11668+00	2	\N	\N	1	\N
54	Merevale	merevale-abbey	Warwickshire	1148		52.5765351832017, -1.57288481428436	1970-01-01 00:00:00+00	2025-01-27 18:22:25.144541+00	2	\N	\N	1	\N
55	Neath	neath-abbey	Glamorgan West	1130		51.6607978229225, -3.82625735587005	1970-01-01 00:00:00+00	2025-01-27 18:22:25.170696+00	2	\N	\N	1	\N
56	Netley	netley-abbey	Hampshire	1239		50.8787482099356, -1.35751720390166	1970-01-01 00:00:00+00	2025-01-27 18:22:25.19688+00	2	\N	\N	1	\N
57	Newbattle	newbattle-abbey	Lothian Mid	1140		55.8826425260057, -3.06697170352357	1970-01-01 00:00:00+00	2025-01-27 18:22:25.223019+00	2	\N	\N	1	\N
58	Newenham	newenham-abbey	Devon	1247		50.7749863352125, -3.00000276522006	1970-01-01 00:00:00+00	2025-01-27 18:22:25.249255+00	2	\N	\N	1	\N
60	Pipewell	pipewell-abbey	Northamptonshire	1143		52.461747, -0.764312	1970-01-01 00:00:00+00	2025-01-27 18:22:25.275635+00	2	\N	\N	1	\N
61	Poulton	poulton-abbey	Cheshire	1153		53.1192, -2.8924	1970-01-01 00:00:00+00	2025-01-27 18:22:25.301964+00	2	\N	\N	1	\N
62	Quarr	quarr-abbey	Isle of Wight	1132		50.7314799464801, -1.20461774909797	1970-01-01 00:00:00+00	2025-01-27 18:22:25.328481+00	2	\N	\N	1	\N
64	Rewley	rewley-abbey	Oxfordshire	1281		51.7541804175817, -1.26790188307783	1970-01-01 00:00:00+00	2025-01-27 18:22:25.354853+00	2	\N	\N	1	\N
66	Robertsbridge	robertsbridge-abbey	Sussex East	1176		50.9871315712866, 0.498665338923108	1970-01-01 00:00:00+00	2025-01-27 18:22:25.381068+00	2	\N	\N	1	\N
67	Roche	roche-abbey	Yorkshire South	1147		53.4025, -1.1834	1970-01-01 00:00:00+00	2025-01-27 18:22:25.407257+00	2	\N	\N	1	\N
70	Sawley	sawley-abbey	Lancashire	1148		53.9134, -2.3418	1970-01-01 00:00:00+00	2025-01-27 18:22:25.459679+00	2	\N	\N	1	\N
74	Stanley	stanley-abbey	Wiltshire	1151		51.4492888581199, -2.05392054840744	1970-01-01 00:00:00+00	2025-01-27 18:22:25.486122+00	2	\N	\N	1	\N
75	Stanlow	stanlow-abbey	Cheshire	1178		53.29, -2.86	1970-01-01 00:00:00+00	2025-01-27 18:22:25.512496+00	2	\N	\N	1	\N
76	Stoneleigh	stoneleigh-abbey	Warwickshire	1141		52.3383390493968, -1.53412058284938	1970-01-01 00:00:00+00	2025-01-27 18:22:25.538663+00	2	\N	\N	1	\N
77	Strata Florida	strata-florida-abbey	Dyfed	1164		52.275104, -3.839376	1970-01-01 00:00:00+00	2025-01-27 18:22:25.564998+00	2	\N	\N	1	\N
79	Stratford Langthorne	stratford-langthorne-abbey	London Greater	1135		51.533313384568, -0.00000194310891564148	1970-01-01 00:00:00+00	2025-01-27 18:22:25.591424+00	2	\N	\N	1	\N
5	Beaulieu	beaulieu-abbey	Hampshire	1203		50.82164, -1.44913	1970-01-01 00:00:00+00	2025-01-27 18:22:26.060051+00	2	\N	\N	1	\N
7	Bindon	bindon-abbey	Dorset	1172		50.682, -2.22	1970-01-01 00:00:00+00	2025-01-27 18:22:26.086492+00	2	\N	\N	1	\N
9	Boxley	boxley-abbey	Kent	1143		51.3009851469501, 0.522964187237707	1970-01-01 00:00:00+00	2025-01-27 18:22:26.112938+00	2	\N	\N	1	\N
12	Buckland	buckland-abbey	Devon	1278		50.4811645041418, -4.1336401420832	1970-01-01 00:00:00+00	2025-01-27 18:22:26.139416+00	2	\N	\N	1	\N
14	Byland	byland-abbey	Yorkshire North	1135		54.2031, -1.1592	1970-01-01 00:00:00+00	2025-01-27 18:22:26.165614+00	2	\N	\N	1	\N
15	Calder	calder-abbey	Cumbria	1143		54.444167, -3.466111	1970-01-01 00:00:00+00	2025-01-27 18:22:26.191807+00	2	\N	\N	1	\N
16	Cleeve	cleeve-abbey	Somerset	1198		51.1573661332003, -3.36375103650809	1970-01-01 00:00:00+00	2025-01-27 18:22:26.217969+00	2	\N	\N	1	\N
17	Coggleshall	coggleshall-abbey	Essex	1140		51.8691479349598, 0.692491311680949	1970-01-01 00:00:00+00	2025-01-27 18:22:26.24423+00	2	\N	\N	1	\N
18	Combe	combe-abbey	Warwickshire	1150		52.41454472775692,, -1.40824078547345	1970-01-01 00:00:00+00	2025-01-27 18:22:26.270482+00	2	\N	\N	1	\N
20	Coupar Angus	coupar-angus-abbey	Perth and Kinross	1154		56.5435569978253, -3.26457689654918	1970-01-01 00:00:00+00	2025-01-27 18:22:26.296903+00	2	\N	\N	1	\N
24	Cymer	cymer-abbey	Gwynedd	1199		52.757778, -3.895278	1970-01-01 00:00:00+00	2025-01-27 18:22:25.797349+00	2	https://upload.wikimedia.org/wikipedia/commons/thumb/7/77/The_Ruins_of_Cymer_Abbey_-_geograph.org.uk_-_3795241.jpg/500px-The_Ruins_of_Cymer_Abbey_-_geograph.org.uk_-_3795241.jpg	\N	1	\N
11	Buckfast	buckfast-abbey	Devon	1136		50.4928192932746, -3.77588314995602	1970-01-01 00:00:00+00	2025-01-27 18:22:25.823646+00	2	\N	\N	1	\N
1	Abbey Dore	abbey-dore-abbey	Herefordshire	1147		51.96778, -2.89368	1970-01-01 00:00:00+00	2025-01-27 18:22:25.84982+00	2	\N	\N	1	\N
2	Aberconwy	aberconwy-abbey	Clwyd	1190		53.2807, -3.8289	1970-01-01 00:00:00+00	2025-01-27 18:22:25.876294+00	2	\N	\N	1	\N
3	Balmerino	balmerino-abbey	Fife	1227		56.409167, -3.041111	1970-01-01 00:00:00+00	2025-01-27 18:22:25.902594+00	2	\N	\N	1	\N
13	Buildwas	buildwas-abbey	Shropshire	1135		52.6353510341295, -2.5285518376997	1970-01-01 00:00:00+00	2025-01-27 18:22:25.929042+00	2	https://upload.wikimedia.org/wikipedia/commons/thumb/d/da/BuildwasAbbey.jpg/500px-BuildwasAbbey.jpg	\N	1	\N
21	Croxden	croxden-abbey	Staffordshire	1176		52.9546748921307, -1.90430475471702	1970-01-01 00:00:00+00	2025-01-27 18:22:25.955289+00	2	https://upload.wikimedia.org/wikipedia/commons/e/e2/CroxdenAbbey%28LindaBailey%29Aug2006.jpg	\N	1	\N
8	Bordesley	bordesley-abbey	Worcestershire	1138		52.31677310036196,, -1.93384481926931	1970-01-01 00:00:00+00	2025-01-27 18:22:25.981509+00	2	https://upload.wikimedia.org/wikipedia/commons/thumb/a/ab/Bordesley_Abbey_excavation.jpg/500px-Bordesley_Abbey_excavation.jpg	\N	1	\N
6	Biddlesden	biddlesden-abbey	Buckinghamshire	1147		52.0539, -1.0797	1970-01-01 00:00:00+00	2025-01-27 18:22:26.007687+00	2	https://upload.wikimedia.org/wikipedia/commons/thumb/7/76/Cartulary_of_Biddlesden_Abbey.jpg/500px-Cartulary_of_Biddlesden_Abbey.jpg	\N	1	\N
4	Basingwerk	basingwerk-abbey	Clwyd	1131		53.288, -3.208	1970-01-01 00:00:00+00	2025-01-27 18:22:26.033902+00	2	\N	\N	1	\N
22	Culross	culross-abbey	Fife	1217		56.0583092633787, -3.62539989263377	1970-01-01 00:00:00+00	2025-01-27 18:22:26.323551+00	2	\N	\N	1	\N
23	Cwmhir	cwmhir-abbey	Powys	1143		52.32983, -3.38755	1970-01-01 00:00:00+00	2025-01-27 18:22:26.349666+00	2	\N	\N	1	\N
25	Darnhall	darnhall-abbey	Cheshire	1266		53.1668625150924, -2.52899772818544	1970-01-01 00:00:00+00	2025-01-27 18:22:26.375832+00	2	\N	\N	1	\N
26	Deer	deer-abbey	Aberdeenshire	1219		57.5233157127306, -2.05428055896505	1970-01-01 00:00:00+00	2025-01-27 18:22:26.401967+00	2	\N	\N	1	\N
31	Flaxley	flaxley-abbey	Gloucestershire	1201		51.8361109456651, -2.45203185318467	1970-01-01 00:00:00+00	2025-01-27 18:22:26.428107+00	2	\N	\N	1	\N
94	Newminster	newminster-abbey	Northumberland	1137		55.166389, -1.704444	2025-01-28 04:58:45.12348+00	2025-01-28 09:37:00.359504+00	2	https://upload.wikimedia.org/wikipedia/commons/thumb/b/b3/Newminster_Abbey_3_-_geograph.org.uk_-_222839.jpg/500px-Newminster_Abbey_3_-_geograph.org.uk_-_222839.jpg	1	1	1
38	Hailes	hailes-abbey	Gloucestershire	1246		51.968580289292, -1.92836206689782	1970-01-01 00:00:00+00	2025-01-27 18:22:26.454658+00	2	\N	\N	1	\N
39	Hazleton	hazleton-abbey	Gloucestershire	1250		51.858, -1.886	1970-01-01 00:00:00+00	2025-01-27 18:22:26.480761+00	2	\N	\N	1	\N
41	Hulton	hulton-abbey	Staffordshire	1150		53.0395108850454, -2.14251398995892	1970-01-01 00:00:00+00	2025-01-27 18:22:26.507211+00	2	\N	\N	1	\N
47	Llantarnam	llantarnam-abbey	Gwent	1179		51.6308, -2.9961	1970-01-01 00:00:00+00	2025-01-27 18:22:26.533457+00	2	\N	\N	1	\N
36	Glenluce	glenluce-abbey	Dumfries and Galloway	1133		54.889729395917, -4.83152622360752	1970-01-01 00:00:00+00	2025-01-27 18:22:25.618615+00	2	https://upload.wikimedia.org/wikipedia/commons/thumb/7/7b/Glenluce_Abbey.jpg/500px-Glenluce_Abbey.jpg	\N	1	\N
80	Sweetheart	sweetheart-abbey	Dumfries and Galloway	1273		54.9802225432827, -3.61899897586265	1970-01-01 00:00:00+00	2025-01-27 18:22:26.559574+00	2	\N	\N	1	\N
81	Swineshead	swineshead-abbey	Lincolnshire	1136		52.94869, -0.142763	1970-01-01 00:00:00+00	2025-01-27 18:22:26.585629+00	2	\N	\N	1	\N
82	Thame	thame-abbey	Oxfordshire	1137		51.727916, -0.963279	1970-01-01 00:00:00+00	2025-01-27 18:22:26.611731+00	2	\N	\N	1	\N
83	Tilty	tilty-abbey	Essex	1153		51.9141662695178, 0.324615410479937	1970-01-01 00:00:00+00	2025-01-27 18:22:26.637771+00	2	\N	\N	1	\N
84	Tintern	tintern-abbey	Gwent	1131		51.697, -2.677	1970-01-01 00:00:00+00	2025-01-27 18:22:26.664198+00	2	\N	\N	1	\N
85	Trawscoed	trawscoed-abbey	Dyfed	1173		52.3399731228628, -3.9539981843883	1970-01-01 00:00:00+00	2025-01-27 18:22:26.692247+00	2	\N	\N	1	\N
86	Vale Royal	vale-royal-abbey	Cheshire	1274		53.224627805701, -2.54263673909986	1970-01-01 00:00:00+00	2025-01-27 18:22:26.718535+00	2	\N	\N	1	\N
87	Valle Crucis	valle-crucis-abbey	Clwyd	1201		52.98918, -3.187142	1970-01-01 00:00:00+00	2025-01-27 18:22:26.744791+00	2	\N	\N	1	\N
90	Waverley	waverley-abbey	Surrey	1128		51.2, -0.76	1970-01-01 00:00:00+00	2025-01-27 18:22:26.770907+00	2	\N	\N	1	\N
92	Whitland	whitland-abbey	Dyfed	1140		51.83367, -4.60189	1970-01-01 00:00:00+00	2025-01-27 18:22:26.797005+00	2	\N	\N	1	\N
33	Fountains	fountains-abbey	Yorkshire North	1136		54.109722, -1.581389	1970-01-01 00:00:00+00	2025-01-27 18:22:26.823164+00	2	\N	\N	1	\N
34	Furness	furness-abbey	Cumbria	1135		54.1357945775063, -3.19824680872649	1970-01-01 00:00:00+00	2025-01-27 18:22:26.85006+00	2	\N	\N	1	\N
35	Garendon	garendon-abbey	Leicestershire	1123		52.7742225461539, -1.25858152450523	1970-01-01 00:00:00+00	2025-01-27 18:22:26.876406+00	2	\N	\N	1	\N
37	Grace Dieu	grace-dieu-abbey	Gwent	1226		51.8139645240688, -2.79748286611936	1970-01-01 00:00:00+00	2025-01-27 18:22:26.902598+00	2	\N	\N	1	\N
93	Woburn	woburn-abbey	Bedfordshire	1145		51.9831, -0.5968	1970-01-01 00:00:00+00	2025-01-27 18:22:26.92875+00	2	\N	\N	1	\N
73	St Bernard's	st-bernards-college	Oxfordshire	1437		51.75612, -1.258605	1970-01-01 00:00:00+00	2025-01-27 18:22:26.955295+00	2	\N	\N	2	\N
91	Whalley	whalley-abbey	Lancashire	1296		53.8202°N 2.4104°W	1970-01-01 00:00:00+00	2025-01-27 18:22:26.981404+00	2	https://upload.wikimedia.org/wikipedia/commons/thumb/b/bc/Whalley_Abbey_-_geograph.org.uk_-_1923754.jpg/500px-Whalley_Abbey_-_geograph.org.uk_-_1923754.jpg	\N	1	\N
89	Wardon	wardon-abbey	Bedfordshire	1136		52.0816402612703, -0.366024504722725	1970-01-01 00:00:00+00	2025-01-27 18:22:27.007596+00	2	https://upload.wikimedia.org/wikipedia/commons/thumb/f/ff/Warden_Abbey_%28428017%29.jpg/500px-Warden_Abbey_%28428017%29.jpg	\N	1	\N
\.


--
-- Data for Name: django_admin_log; Type: TABLE DATA; Schema: public; Owner: neondb_owner
--

COPY public.django_admin_log (id, action_time, object_id, object_repr, action_flag, change_message, content_type_id, user_id) FROM stdin;
1	2025-01-21 01:20:30.513258+00	1	Whalley Abbey	1	[{"added": {}}]	7	1
2	2025-01-21 18:35:45.943147+00	1	Whalley Abbey	2	[{"changed": {"fields": ["Coordinates"]}}]	7	1
3	2025-01-21 18:38:22.169567+00	1	Whalley Abbey	2	[{"changed": {"fields": ["Coordinates"]}}]	7	1
4	2025-01-21 18:38:40.540573+00	1	Whalley Abbey	2	[{"changed": {"fields": ["Coordinates"]}}]	7	1
5	2025-01-21 18:40:57.262768+00	1	Whalley Abbey	2	[]	7	1
6	2025-01-23 02:56:43.445716+00	4	Abbotsbury Abbey	2	[]	7	1
7	2025-01-24 02:35:44.439789+00	1	Benedictine	1	[{"added": {}}]	8	1
8	2025-01-24 02:35:49.3857+00	2	Augustinian	1	[{"added": {}}]	8	1
9	2025-01-24 02:35:53.304471+00	3	Cistercian	1	[{"added": {}}]	8	1
10	2025-01-24 02:35:58.754059+00	4	Franciscan	1	[{"added": {}}]	8	1
11	2025-01-24 02:37:04.155661+00	1	Whalley Abbey	2	[{"changed": {"fields": ["Religious order"]}}]	7	1
12	2025-01-24 02:37:23.921634+00	4	Abbotsbury Abbey	2	[{"changed": {"fields": ["Religious order"]}}]	7	1
13	2025-01-24 02:37:41.724403+00	5	Deer Abbey	2	[{"changed": {"fields": ["Religious order"]}}]	7	1
14	2025-01-24 03:52:41.331391+00	4	Abbotsbury Abbey	3		7	1
15	2025-01-24 03:53:55.713607+00	1	Whalley Abbey	3		7	1
16	2025-01-24 04:02:12.950208+00	1	Abbey	1	[{"added": {}}]	16	1
17	2025-01-24 04:02:19.429659+00	2	Priory	1	[{"added": {}}]	16	1
18	2025-01-24 04:02:44.553794+00	4	Skete	1	[{"added": {}}]	16	1
19	2025-01-24 04:03:35.353004+00	5	Friary	1	[{"added": {}}]	16	1
20	2025-01-24 04:03:47.698329+00	4	Skete	3		16	1
21	2025-01-24 04:04:44.137228+00	100	Kirkstall	2	[{"changed": {"fields": ["House type", "Nearest town"]}}]	7	1
22	2025-01-25 04:34:53.695027+00	1	Whalley (Whalley)	1	[{"added": {}}]	17	1
23	2025-01-25 04:36:54.876786+00	1	Whalley (Whalley)	3		17	1
24	2025-01-26 15:33:22.690924+00	11	Saddell	2	[{"changed": {"fields": ["Content"]}}]	7	1
25	2025-01-27 02:59:12.22468+00	1	Abbey	2	[{"changed": {"fields": ["Name"]}}]	16	1
26	2025-01-27 03:06:02.554183+00	1	Abbey	2	[]	16	1
27	2025-01-27 03:22:05.852403+00	91	Whalley	2	[]	7	1
28	2025-01-27 03:25:17.683047+00	27	Deer 	3		7	1
29	2025-01-27 03:37:04.463772+00	2	College	1	[{"added": {}}]	16	1
30	2025-01-27 03:37:08.794777+00	73	St Bernard's	2	[{"changed": {"fields": ["Name", "House type"]}}]	7	1
31	2025-01-27 03:37:58.715617+00	73	St Bernard's	2	[{"changed": {"fields": ["Slug"]}}]	7	1
32	2025-01-27 17:35:44.4818+00	8	Bordesley	2	[{"added": {"name": "financial detail", "object": "Wigorn - 34 pounds, 19 shillings, 4 pence"}}, {"added": {"name": "financial detail", "object": "Hewell - 23 pounds, 16 shillings, 8 pence"}}, {"added": {"name": "financial detail", "object": "Cobley - 131 pounds, 17 shillings, 11 pence"}}]	7	1
33	2025-01-28 04:56:00.342883+00	59	Newminster	3		7	1
34	2025-01-28 04:58:45.16686+00	94	Newminster	1	[{"added": {}}]	7	1
35	2025-01-28 04:59:01.478448+00	94	Newminster	2	[{"changed": {"fields": ["Slug"]}}]	7	1
36	2025-01-28 04:59:41.031173+00	94	Newminster	2	[]	7	1
37	2025-01-28 05:00:08.065128+00	94	Newminster	2	[{"added": {"name": "financial detail", "object": "townA - \\u00a32/4/3"}}]	7	1
38	2025-01-28 05:06:21.866818+00	94	Newminster	2	[{"deleted": {"name": "financial detail", "object": "No title - \\u00a30/0/0"}}, {"deleted": {"name": "financial detail", "object": "No title - \\u00a30/0/0"}}]	7	1
39	2025-01-28 05:12:40.526452+00	94	Newminster	2	[{"deleted": {"name": "financial detail", "object": "No title - \\u00a30/0/0"}}]	7	1
40	2025-01-28 05:20:18.057752+00	94	Newminster	2	[{"deleted": {"name": "financial detail", "object": "No title - \\u00a30/0/0"}}]	7	1
41	2025-01-28 09:37:00.79046+00	94	Newminster	2	[{"deleted": {"name": "financial detail", "object": "No title - \\u00a30/0/0"}}, {"deleted": {"name": "financial detail", "object": "No title - \\u00a30/0/0"}}, {"deleted": {"name": "financial detail", "object": "No title - \\u00a30/0/0"}}, {"deleted": {"name": "financial detail", "object": "No title - \\u00a30/0/0"}}, {"deleted": {"name": "financial detail", "object": "No title - \\u00a30/0/0"}}, {"deleted": {"name": "financial detail", "object": "No title - \\u00a30/0/0"}}, {"deleted": {"name": "financial detail", "object": "No title - \\u00a30/0/0"}}, {"deleted": {"name": "financial detail", "object": "No title - \\u00a30/0/0"}}, {"deleted": {"name": "financial detail", "object": "No title - \\u00a30/0/0"}}, {"deleted": {"name": "financial detail", "object": "No title - \\u00a30/0/0"}}, {"deleted": {"name": "financial detail", "object": "No title - \\u00a30/0/0"}}, {"deleted": {"name": "financial detail", "object": "No title - \\u00a30/0/0"}}, {"deleted": {"name": "financial detail", "object": "No title - \\u00a30/0/0"}}, {"deleted": {"name": "financial detail", "object": "No title - \\u00a30/0/0"}}]	7	1
\.


--
-- Data for Name: django_content_type; Type: TABLE DATA; Schema: public; Owner: neondb_owner
--

COPY public.django_content_type (id, app_label, model) FROM stdin;
1	admin	logentry
2	auth	permission
3	auth	group
4	auth	user
5	contenttypes	contenttype
6	sessions	session
7	blog	post
8	blog	religiousorder
9	django_summernote	attachment
10	sites	site
11	account	emailaddress
12	account	emailconfirmation
13	socialaccount	socialaccount
14	socialaccount	socialapp
15	socialaccount	socialtoken
16	blog	housetype
17	blog	holding
18	blog	approvedpost
19	blog	tag
20	about	about
21	about	collaboraterequest
22	archive	approvedpost
23	blog	financialdetail
\.


--
-- Data for Name: django_migrations; Type: TABLE DATA; Schema: public; Owner: neondb_owner
--

COPY public.django_migrations (id, app, name, applied) FROM stdin;
1	contenttypes	0001_initial	2025-01-20 16:57:43.90591+00
2	auth	0001_initial	2025-01-20 16:57:44.78731+00
3	admin	0001_initial	2025-01-20 16:57:45.040173+00
4	admin	0002_logentry_remove_auto_add	2025-01-20 16:57:45.125718+00
5	admin	0003_logentry_add_action_flag_choices	2025-01-20 16:57:45.237874+00
6	contenttypes	0002_remove_content_type_name	2025-01-20 16:57:45.410403+00
7	auth	0002_alter_permission_name_max_length	2025-01-20 16:57:45.549252+00
8	auth	0003_alter_user_email_max_length	2025-01-20 16:57:45.687588+00
9	auth	0004_alter_user_username_opts	2025-01-20 16:57:45.799536+00
10	auth	0005_alter_user_last_login_null	2025-01-20 16:57:45.938305+00
11	auth	0006_require_contenttypes_0002	2025-01-20 16:57:46.044775+00
12	auth	0007_alter_validators_add_error_messages	2025-01-20 16:57:46.155769+00
13	auth	0008_alter_user_username_max_length	2025-01-20 16:57:46.297925+00
14	auth	0009_alter_user_last_name_max_length	2025-01-20 16:57:46.435672+00
15	auth	0010_alter_group_name_max_length	2025-01-20 16:57:46.575072+00
16	auth	0011_update_proxy_permissions	2025-01-20 16:57:46.688086+00
17	auth	0012_alter_user_first_name_max_length	2025-01-20 16:57:46.825153+00
18	sessions	0001_initial	2025-01-20 16:57:47.046492+00
20	blog	0002_religiousorder_post_religious_order	2025-01-21 00:34:54.758287+00
21	blog	0003_remove_post_location_post_county_post_nearest_town	2025-01-21 00:47:01.625001+00
22	blog	0004_alter_post_status	2025-01-21 00:51:15.119049+00
23	blog	0005_post_latitude_post_longitude	2025-01-21 16:51:10.238461+00
24	blog	0006_remove_post_latitude_remove_post_longitude_and_more	2025-01-21 18:31:28.534583+00
25	blog	0007_alter_post_status	2025-01-22 16:37:42.341424+00
26	django_summernote	0001_initial	2025-01-22 16:37:42.539244+00
27	django_summernote	0002_update-help_text	2025-01-22 16:37:42.646301+00
28	django_summernote	0003_alter_attachment_id	2025-01-22 16:37:42.852358+00
29	account	0001_initial	2025-01-22 20:21:54.306462+00
30	account	0002_email_max_length	2025-01-22 20:21:54.434853+00
31	account	0003_alter_emailaddress_create_unique_verified_email	2025-01-22 20:21:54.61694+00
32	account	0004_alter_emailaddress_drop_unique_email	2025-01-22 20:21:54.900491+00
33	account	0005_emailaddress_idx_upper_email	2025-01-22 20:21:55.05213+00
34	sites	0001_initial	2025-01-22 20:21:55.258243+00
35	sites	0002_alter_domain_unique	2025-01-22 20:21:55.432564+00
36	socialaccount	0001_initial	2025-01-22 20:21:56.155974+00
37	socialaccount	0002_token_max_lengths	2025-01-22 20:21:56.345853+00
38	socialaccount	0003_extra_data_default_dict	2025-01-22 20:21:56.467341+00
39	socialaccount	0004_app_provider_id_settings	2025-01-22 20:21:56.740276+00
40	socialaccount	0005_socialtoken_nullable_app	2025-01-22 20:21:57.008364+00
41	blog	0008_alter_post_created_by_alter_post_last_updated_by	2025-01-23 02:09:54.325127+00
42	blog	0009_alter_post_content	2025-01-23 02:12:22.418902+00
43	blog	0010_housetype_post_house_type	2025-01-24 03:59:03.201717+00
44	blog	0011_post_slug	2025-01-24 08:47:34.176912+00
45	blog	0012_post_image_url	2025-01-25 02:04:16.788444+00
46	blog	0013_holding	2025-01-25 04:22:44.937809+00
47	blog	0014_holding_coordinates	2025-01-25 04:33:32.331909+00
48	blog	0015_alter_post_nearest_town	2025-01-26 07:33:38.250595+00
49	blog	0016_approvedpost	2025-01-26 08:36:10.494436+00
50	blog	0017_remove_holding_coordinates_remove_holding_location	2025-01-26 16:31:14.655488+00
51	blog	0002_remove_approvedpost_nearest_town_and_more	2025-01-26 17:56:25.900133+00
52	blog	0003_remove_approvedpost_religious_order_and_more	2025-01-26 18:11:00.483737+00
53	about	0001_initial	2025-01-26 20:41:20.423423+00
54	blog	0002_alter_approvedpost_house_type_and_more	2025-01-26 22:43:52.386027+00
55	archive	0001_initial	2025-01-26 22:43:52.820843+00
56	blog	0002_post_holding_pence_post_holding_pounds_and_more	2025-01-27 00:42:50.529641+00
57	blog	0003_remove_post_holding_pence_remove_post_holding_pounds_and_more	2025-01-27 00:57:32.72103+00
58	blog	0001_initial	2025-01-27 01:59:25.203781+00
59	blog	0002_alter_financialdetail_holding_pence_and_more	2025-01-28 00:20:08.707668+00
\.


--
-- Data for Name: django_session; Type: TABLE DATA; Schema: public; Owner: neondb_owner
--

COPY public.django_session (session_key, session_data, expire_date) FROM stdin;
a3dsk11uo2l7mymhshaaa8rp524rito7	.eJxVjDsOwjAQBe_iGlmOP5uFkj5nsNbeNQkgW8qnQtwdIqWA9s3Me6lI2zrGbZE5TqwuqlOn3y1RfkjdAd-p3prOra7zlPSu6IMuemgsz-vh_h2MtIzfOjkUApYiVEIKwKWgBXbSM3c9Zi5n9IzWISCT6Qz43goH8Qacd6DeHxrwOE0:1tZvBP:J3b1gchXjdrINJHbE8IDO4WKSUWB4spQrR988SIUPXU	2025-02-03 17:03:27.67133+00
fwp2biwsntlj887qtj27nvxzt0bcxjqo	.eJxVjs1uwyAQhN-Fc4TA_Czxsfc-A1qzS0xbQWWw1CrKu9epckiu8818mquIuI817p23WEjMQovTc7Zg-uR6B_SB9dJkanVsZZH3inzQLt8b8dfbo_siWLGvx3oxgdETZ8bsFucp5zB5MgxEGkKifA6WwmSCD4RKK29hYnJslTfW-EOKKbW9jn8311ESDqaIQ8waDLgzKAMSvLbg_HGhc--l1cg_32X7FbO6_QF4O03K:1tamMf:WwYQ-X2ONrO-aLg26iJhqAF8KG5MO05VF87E6FhUcYE	2025-02-06 01:50:37.762454+00
7pb8idcicd4led56mgzqpb2tet6i9rs7	.eJxVzkEOwiAQBdC7sDYESgvYpXvPQKbMYFEDptBEY7y71LjQ7fz_X-bJHKx1dmuhxUVkI5Ns93ubwF8obQGeIZ0y9znVJU58q_BvWvgxI10P3-4fMEOZ23pSlkAjBYIwTIPGEGynUZFBlMZ6DHvbo-2U1RZBSKF70xEO1AuteqUbCt7nNdWPTalGD5XQQWWjNMpooZrDpe2GBrcXCpUSc3J0v8XlwUbxegN29k3A:1tanxi:dN0I0pmz9g59tvq46G_rIuqWHG1Ejpeq-Aop-zNhbzo	2025-02-06 03:32:58.184473+00
uwc73rpdoox0m5uusfjchrb6bho3anae	.eJxVjsFuwyAQRP-Fc4SMwQv2sfd8A1qzS0xbQWSw1CrKv8eOfGiv82ae5iE8bm3xW-XVJxKTUOLyN5sxfHE-AH1ivhUZSm5rmuVRkSet8lqIvz_O7j_BgnXZ17N2jEAcGeMwD0Axuh5IsyVS1gWKozPkeu3AEXaqA2N7poFNB9po2KUYQtlye7s5txSwMXlsYlJWW3BmtFaOCgat7X6hcq2pZM8_97T-iql7vgB5SU3S:1tb9F3:Kx1Fze9aNPT4rZsl8k48zlMc1l8ctEDyk-H65D2udcc	2025-02-07 02:16:17.917719+00
zeyr4rj9bunwxql7xkappksoamensfhm	.eJxVjDsOwjAQBe_iGlmOP5uFkj5nsNbeNQkgW8qnQtwdIqWA9s3Me6lI2zrGbZE5TqwuqlOn3y1RfkjdAd-p3prOra7zlPSu6IMuemgsz-vh_h2MtIzfOjkUApYiVEIKwKWgBXbSM3c9Zi5n9IzWISCT6Qz43goH8Qacd6DeHxrwOE0:1tcDNr:Lc7JOzawN0K3ka8X9vrZfEzWEVst7ArMAks-21ow8sA	2025-02-10 00:53:47.311772+00
2vcomsyjcmw8a9sd0b1wnhj0iaydtq1v	.eJxVjsFuwyAQRP-Fc4UWszbYx977DWjNrmuSCiqDpURR_j1OlEN7nXnzNDcVaG9r2KtsIbGaVKc-_mYzxbPkZ8Enyt9Fx5Lblmb9RPS7rfqrsPx8vtl_gpXqeqyJDFhLMBILOr9EAD84y2ZhXAxaFhhRxsV03A_IXUQW3wMepJnByyGlGMue28stuaVITThQU5Nx1gPY0XrtBusQjwdVak0lB7n8pu2qJrg_AOGyTTk:1tcUDa:SNkh5g6EnAAi7sZGR3y6IDlvkYdDU9dwXQ9QE1JjI-g	2025-02-10 18:52:18.764861+00
\.


--
-- Data for Name: django_site; Type: TABLE DATA; Schema: public; Owner: neondb_owner
--

COPY public.django_site (id, domain, name) FROM stdin;
1	example.com	example.com
\.


--
-- Data for Name: django_summernote_attachment; Type: TABLE DATA; Schema: public; Owner: neondb_owner
--

COPY public.django_summernote_attachment (id, name, file, uploaded) FROM stdin;
\.


--
-- Data for Name: socialaccount_socialaccount; Type: TABLE DATA; Schema: public; Owner: neondb_owner
--

COPY public.socialaccount_socialaccount (id, provider, uid, last_login, date_joined, extra_data, user_id) FROM stdin;
\.


--
-- Data for Name: socialaccount_socialapp; Type: TABLE DATA; Schema: public; Owner: neondb_owner
--

COPY public.socialaccount_socialapp (id, provider, name, client_id, secret, key, provider_id, settings) FROM stdin;
\.


--
-- Data for Name: socialaccount_socialapp_sites; Type: TABLE DATA; Schema: public; Owner: neondb_owner
--

COPY public.socialaccount_socialapp_sites (id, socialapp_id, site_id) FROM stdin;
\.


--
-- Data for Name: socialaccount_socialtoken; Type: TABLE DATA; Schema: public; Owner: neondb_owner
--

COPY public.socialaccount_socialtoken (id, token, token_secret, expires_at, account_id, app_id) FROM stdin;
\.


--
-- Name: about_about_id_seq; Type: SEQUENCE SET; Schema: public; Owner: neondb_owner
--

SELECT pg_catalog.setval('public.about_about_id_seq', 1, false);


--
-- Name: about_collaboraterequest_id_seq; Type: SEQUENCE SET; Schema: public; Owner: neondb_owner
--

SELECT pg_catalog.setval('public.about_collaboraterequest_id_seq', 1, false);


--
-- Name: account_emailaddress_id_seq; Type: SEQUENCE SET; Schema: public; Owner: neondb_owner
--

SELECT pg_catalog.setval('public.account_emailaddress_id_seq', 1, true);


--
-- Name: account_emailconfirmation_id_seq; Type: SEQUENCE SET; Schema: public; Owner: neondb_owner
--

SELECT pg_catalog.setval('public.account_emailconfirmation_id_seq', 1, false);


--
-- Name: archive_approvedpost_id_seq; Type: SEQUENCE SET; Schema: public; Owner: neondb_owner
--

SELECT pg_catalog.setval('public.archive_approvedpost_id_seq', 1, false);


--
-- Name: auth_group_id_seq; Type: SEQUENCE SET; Schema: public; Owner: neondb_owner
--

SELECT pg_catalog.setval('public.auth_group_id_seq', 1, false);


--
-- Name: auth_group_permissions_id_seq; Type: SEQUENCE SET; Schema: public; Owner: neondb_owner
--

SELECT pg_catalog.setval('public.auth_group_permissions_id_seq', 1, false);


--
-- Name: auth_permission_id_seq; Type: SEQUENCE SET; Schema: public; Owner: neondb_owner
--

SELECT pg_catalog.setval('public.auth_permission_id_seq', 92, true);


--
-- Name: auth_user_groups_id_seq; Type: SEQUENCE SET; Schema: public; Owner: neondb_owner
--

SELECT pg_catalog.setval('public.auth_user_groups_id_seq', 1, false);


--
-- Name: auth_user_id_seq; Type: SEQUENCE SET; Schema: public; Owner: neondb_owner
--

SELECT pg_catalog.setval('public.auth_user_id_seq', 3, true);


--
-- Name: auth_user_user_permissions_id_seq; Type: SEQUENCE SET; Schema: public; Owner: neondb_owner
--

SELECT pg_catalog.setval('public.auth_user_user_permissions_id_seq', 1, false);


--
-- Name: blog_approvedpost_id_seq; Type: SEQUENCE SET; Schema: public; Owner: neondb_owner
--

SELECT pg_catalog.setval('public.blog_approvedpost_id_seq', 93, true);


--
-- Name: blog_financialdetail_id_seq; Type: SEQUENCE SET; Schema: public; Owner: neondb_owner
--

SELECT pg_catalog.setval('public.blog_financialdetail_id_seq', 71, true);


--
-- Name: blog_housetype_id_seq; Type: SEQUENCE SET; Schema: public; Owner: neondb_owner
--

SELECT pg_catalog.setval('public.blog_housetype_id_seq', 2, true);


--
-- Name: blog_post_monastery_id_seq; Type: SEQUENCE SET; Schema: public; Owner: neondb_owner
--

SELECT pg_catalog.setval('public.blog_post_monastery_id_seq', 94, true);


--
-- Name: django_admin_log_id_seq; Type: SEQUENCE SET; Schema: public; Owner: neondb_owner
--

SELECT pg_catalog.setval('public.django_admin_log_id_seq', 41, true);


--
-- Name: django_content_type_id_seq; Type: SEQUENCE SET; Schema: public; Owner: neondb_owner
--

SELECT pg_catalog.setval('public.django_content_type_id_seq', 23, true);


--
-- Name: django_migrations_id_seq; Type: SEQUENCE SET; Schema: public; Owner: neondb_owner
--

SELECT pg_catalog.setval('public.django_migrations_id_seq', 59, true);


--
-- Name: django_site_id_seq; Type: SEQUENCE SET; Schema: public; Owner: neondb_owner
--

SELECT pg_catalog.setval('public.django_site_id_seq', 1, true);


--
-- Name: django_summernote_attachment_id_seq; Type: SEQUENCE SET; Schema: public; Owner: neondb_owner
--

SELECT pg_catalog.setval('public.django_summernote_attachment_id_seq', 1, false);


--
-- Name: socialaccount_socialaccount_id_seq; Type: SEQUENCE SET; Schema: public; Owner: neondb_owner
--

SELECT pg_catalog.setval('public.socialaccount_socialaccount_id_seq', 1, false);


--
-- Name: socialaccount_socialapp_id_seq; Type: SEQUENCE SET; Schema: public; Owner: neondb_owner
--

SELECT pg_catalog.setval('public.socialaccount_socialapp_id_seq', 1, false);


--
-- Name: socialaccount_socialapp_sites_id_seq; Type: SEQUENCE SET; Schema: public; Owner: neondb_owner
--

SELECT pg_catalog.setval('public.socialaccount_socialapp_sites_id_seq', 1, false);


--
-- Name: socialaccount_socialtoken_id_seq; Type: SEQUENCE SET; Schema: public; Owner: neondb_owner
--

SELECT pg_catalog.setval('public.socialaccount_socialtoken_id_seq', 1, false);


--
-- Name: about_about about_about_pkey; Type: CONSTRAINT; Schema: public; Owner: neondb_owner
--

ALTER TABLE ONLY public.about_about
    ADD CONSTRAINT about_about_pkey PRIMARY KEY (id);


--
-- Name: about_collaboraterequest about_collaboraterequest_pkey; Type: CONSTRAINT; Schema: public; Owner: neondb_owner
--

ALTER TABLE ONLY public.about_collaboraterequest
    ADD CONSTRAINT about_collaboraterequest_pkey PRIMARY KEY (id);


--
-- Name: account_emailaddress account_emailaddress_pkey; Type: CONSTRAINT; Schema: public; Owner: neondb_owner
--

ALTER TABLE ONLY public.account_emailaddress
    ADD CONSTRAINT account_emailaddress_pkey PRIMARY KEY (id);


--
-- Name: account_emailaddress account_emailaddress_user_id_email_987c8728_uniq; Type: CONSTRAINT; Schema: public; Owner: neondb_owner
--

ALTER TABLE ONLY public.account_emailaddress
    ADD CONSTRAINT account_emailaddress_user_id_email_987c8728_uniq UNIQUE (user_id, email);


--
-- Name: account_emailconfirmation account_emailconfirmation_key_key; Type: CONSTRAINT; Schema: public; Owner: neondb_owner
--

ALTER TABLE ONLY public.account_emailconfirmation
    ADD CONSTRAINT account_emailconfirmation_key_key UNIQUE (key);


--
-- Name: account_emailconfirmation account_emailconfirmation_pkey; Type: CONSTRAINT; Schema: public; Owner: neondb_owner
--

ALTER TABLE ONLY public.account_emailconfirmation
    ADD CONSTRAINT account_emailconfirmation_pkey PRIMARY KEY (id);


--
-- Name: archive_approvedpost archive_approvedpost_pkey; Type: CONSTRAINT; Schema: public; Owner: neondb_owner
--

ALTER TABLE ONLY public.archive_approvedpost
    ADD CONSTRAINT archive_approvedpost_pkey PRIMARY KEY (id);


--
-- Name: archive_approvedpost archive_approvedpost_post_id_key; Type: CONSTRAINT; Schema: public; Owner: neondb_owner
--

ALTER TABLE ONLY public.archive_approvedpost
    ADD CONSTRAINT archive_approvedpost_post_id_key UNIQUE (post_id);


--
-- Name: archive_approvedpost archive_approvedpost_slug_key; Type: CONSTRAINT; Schema: public; Owner: neondb_owner
--

ALTER TABLE ONLY public.archive_approvedpost
    ADD CONSTRAINT archive_approvedpost_slug_key UNIQUE (slug);


--
-- Name: auth_group auth_group_name_key; Type: CONSTRAINT; Schema: public; Owner: neondb_owner
--

ALTER TABLE ONLY public.auth_group
    ADD CONSTRAINT auth_group_name_key UNIQUE (name);


--
-- Name: auth_group_permissions auth_group_permissions_group_id_permission_id_0cd325b0_uniq; Type: CONSTRAINT; Schema: public; Owner: neondb_owner
--

ALTER TABLE ONLY public.auth_group_permissions
    ADD CONSTRAINT auth_group_permissions_group_id_permission_id_0cd325b0_uniq UNIQUE (group_id, permission_id);


--
-- Name: auth_group_permissions auth_group_permissions_pkey; Type: CONSTRAINT; Schema: public; Owner: neondb_owner
--

ALTER TABLE ONLY public.auth_group_permissions
    ADD CONSTRAINT auth_group_permissions_pkey PRIMARY KEY (id);


--
-- Name: auth_group auth_group_pkey; Type: CONSTRAINT; Schema: public; Owner: neondb_owner
--

ALTER TABLE ONLY public.auth_group
    ADD CONSTRAINT auth_group_pkey PRIMARY KEY (id);


--
-- Name: auth_permission auth_permission_content_type_id_codename_01ab375a_uniq; Type: CONSTRAINT; Schema: public; Owner: neondb_owner
--

ALTER TABLE ONLY public.auth_permission
    ADD CONSTRAINT auth_permission_content_type_id_codename_01ab375a_uniq UNIQUE (content_type_id, codename);


--
-- Name: auth_permission auth_permission_pkey; Type: CONSTRAINT; Schema: public; Owner: neondb_owner
--

ALTER TABLE ONLY public.auth_permission
    ADD CONSTRAINT auth_permission_pkey PRIMARY KEY (id);


--
-- Name: auth_user_groups auth_user_groups_pkey; Type: CONSTRAINT; Schema: public; Owner: neondb_owner
--

ALTER TABLE ONLY public.auth_user_groups
    ADD CONSTRAINT auth_user_groups_pkey PRIMARY KEY (id);


--
-- Name: auth_user_groups auth_user_groups_user_id_group_id_94350c0c_uniq; Type: CONSTRAINT; Schema: public; Owner: neondb_owner
--

ALTER TABLE ONLY public.auth_user_groups
    ADD CONSTRAINT auth_user_groups_user_id_group_id_94350c0c_uniq UNIQUE (user_id, group_id);


--
-- Name: auth_user auth_user_pkey; Type: CONSTRAINT; Schema: public; Owner: neondb_owner
--

ALTER TABLE ONLY public.auth_user
    ADD CONSTRAINT auth_user_pkey PRIMARY KEY (id);


--
-- Name: auth_user_user_permissions auth_user_user_permissions_pkey; Type: CONSTRAINT; Schema: public; Owner: neondb_owner
--

ALTER TABLE ONLY public.auth_user_user_permissions
    ADD CONSTRAINT auth_user_user_permissions_pkey PRIMARY KEY (id);


--
-- Name: auth_user_user_permissions auth_user_user_permissions_user_id_permission_id_14a6b632_uniq; Type: CONSTRAINT; Schema: public; Owner: neondb_owner
--

ALTER TABLE ONLY public.auth_user_user_permissions
    ADD CONSTRAINT auth_user_user_permissions_user_id_permission_id_14a6b632_uniq UNIQUE (user_id, permission_id);


--
-- Name: auth_user auth_user_username_key; Type: CONSTRAINT; Schema: public; Owner: neondb_owner
--

ALTER TABLE ONLY public.auth_user
    ADD CONSTRAINT auth_user_username_key UNIQUE (username);


--
-- Name: blog_approvedpost blog_approvedpost_pkey; Type: CONSTRAINT; Schema: public; Owner: neondb_owner
--

ALTER TABLE ONLY public.blog_approvedpost
    ADD CONSTRAINT blog_approvedpost_pkey PRIMARY KEY (id);


--
-- Name: blog_approvedpost blog_approvedpost_post_id_key; Type: CONSTRAINT; Schema: public; Owner: neondb_owner
--

ALTER TABLE ONLY public.blog_approvedpost
    ADD CONSTRAINT blog_approvedpost_post_id_key UNIQUE (post_id);


--
-- Name: blog_approvedpost blog_approvedpost_slug_key; Type: CONSTRAINT; Schema: public; Owner: neondb_owner
--

ALTER TABLE ONLY public.blog_approvedpost
    ADD CONSTRAINT blog_approvedpost_slug_key UNIQUE (slug);


--
-- Name: blog_financialdetail blog_financialdetail_pkey; Type: CONSTRAINT; Schema: public; Owner: neondb_owner
--

ALTER TABLE ONLY public.blog_financialdetail
    ADD CONSTRAINT blog_financialdetail_pkey PRIMARY KEY (id);


--
-- Name: blog_housetype blog_housetype_name_key; Type: CONSTRAINT; Schema: public; Owner: neondb_owner
--

ALTER TABLE ONLY public.blog_housetype
    ADD CONSTRAINT blog_housetype_name_key UNIQUE (name);


--
-- Name: blog_housetype blog_housetype_pkey; Type: CONSTRAINT; Schema: public; Owner: neondb_owner
--

ALTER TABLE ONLY public.blog_housetype
    ADD CONSTRAINT blog_housetype_pkey PRIMARY KEY (id);


--
-- Name: blog_post blog_post_name_key; Type: CONSTRAINT; Schema: public; Owner: neondb_owner
--

ALTER TABLE ONLY public.blog_post
    ADD CONSTRAINT blog_post_name_key UNIQUE (name);


--
-- Name: blog_post blog_post_pkey; Type: CONSTRAINT; Schema: public; Owner: neondb_owner
--

ALTER TABLE ONLY public.blog_post
    ADD CONSTRAINT blog_post_pkey PRIMARY KEY (monastery_id);


--
-- Name: blog_post blog_post_slug_key; Type: CONSTRAINT; Schema: public; Owner: neondb_owner
--

ALTER TABLE ONLY public.blog_post
    ADD CONSTRAINT blog_post_slug_key UNIQUE (slug);


--
-- Name: django_admin_log django_admin_log_pkey; Type: CONSTRAINT; Schema: public; Owner: neondb_owner
--

ALTER TABLE ONLY public.django_admin_log
    ADD CONSTRAINT django_admin_log_pkey PRIMARY KEY (id);


--
-- Name: django_content_type django_content_type_app_label_model_76bd3d3b_uniq; Type: CONSTRAINT; Schema: public; Owner: neondb_owner
--

ALTER TABLE ONLY public.django_content_type
    ADD CONSTRAINT django_content_type_app_label_model_76bd3d3b_uniq UNIQUE (app_label, model);


--
-- Name: django_content_type django_content_type_pkey; Type: CONSTRAINT; Schema: public; Owner: neondb_owner
--

ALTER TABLE ONLY public.django_content_type
    ADD CONSTRAINT django_content_type_pkey PRIMARY KEY (id);


--
-- Name: django_migrations django_migrations_pkey; Type: CONSTRAINT; Schema: public; Owner: neondb_owner
--

ALTER TABLE ONLY public.django_migrations
    ADD CONSTRAINT django_migrations_pkey PRIMARY KEY (id);


--
-- Name: django_session django_session_pkey; Type: CONSTRAINT; Schema: public; Owner: neondb_owner
--

ALTER TABLE ONLY public.django_session
    ADD CONSTRAINT django_session_pkey PRIMARY KEY (session_key);


--
-- Name: django_site django_site_domain_a2e37b91_uniq; Type: CONSTRAINT; Schema: public; Owner: neondb_owner
--

ALTER TABLE ONLY public.django_site
    ADD CONSTRAINT django_site_domain_a2e37b91_uniq UNIQUE (domain);


--
-- Name: django_site django_site_pkey; Type: CONSTRAINT; Schema: public; Owner: neondb_owner
--

ALTER TABLE ONLY public.django_site
    ADD CONSTRAINT django_site_pkey PRIMARY KEY (id);


--
-- Name: django_summernote_attachment django_summernote_attachment_pkey; Type: CONSTRAINT; Schema: public; Owner: neondb_owner
--

ALTER TABLE ONLY public.django_summernote_attachment
    ADD CONSTRAINT django_summernote_attachment_pkey PRIMARY KEY (id);


--
-- Name: socialaccount_socialaccount socialaccount_socialaccount_pkey; Type: CONSTRAINT; Schema: public; Owner: neondb_owner
--

ALTER TABLE ONLY public.socialaccount_socialaccount
    ADD CONSTRAINT socialaccount_socialaccount_pkey PRIMARY KEY (id);


--
-- Name: socialaccount_socialaccount socialaccount_socialaccount_provider_uid_fc810c6e_uniq; Type: CONSTRAINT; Schema: public; Owner: neondb_owner
--

ALTER TABLE ONLY public.socialaccount_socialaccount
    ADD CONSTRAINT socialaccount_socialaccount_provider_uid_fc810c6e_uniq UNIQUE (provider, uid);


--
-- Name: socialaccount_socialapp_sites socialaccount_socialapp__socialapp_id_site_id_71a9a768_uniq; Type: CONSTRAINT; Schema: public; Owner: neondb_owner
--

ALTER TABLE ONLY public.socialaccount_socialapp_sites
    ADD CONSTRAINT socialaccount_socialapp__socialapp_id_site_id_71a9a768_uniq UNIQUE (socialapp_id, site_id);


--
-- Name: socialaccount_socialapp socialaccount_socialapp_pkey; Type: CONSTRAINT; Schema: public; Owner: neondb_owner
--

ALTER TABLE ONLY public.socialaccount_socialapp
    ADD CONSTRAINT socialaccount_socialapp_pkey PRIMARY KEY (id);


--
-- Name: socialaccount_socialapp_sites socialaccount_socialapp_sites_pkey; Type: CONSTRAINT; Schema: public; Owner: neondb_owner
--

ALTER TABLE ONLY public.socialaccount_socialapp_sites
    ADD CONSTRAINT socialaccount_socialapp_sites_pkey PRIMARY KEY (id);


--
-- Name: socialaccount_socialtoken socialaccount_socialtoken_app_id_account_id_fca4e0ac_uniq; Type: CONSTRAINT; Schema: public; Owner: neondb_owner
--

ALTER TABLE ONLY public.socialaccount_socialtoken
    ADD CONSTRAINT socialaccount_socialtoken_app_id_account_id_fca4e0ac_uniq UNIQUE (app_id, account_id);


--
-- Name: socialaccount_socialtoken socialaccount_socialtoken_pkey; Type: CONSTRAINT; Schema: public; Owner: neondb_owner
--

ALTER TABLE ONLY public.socialaccount_socialtoken
    ADD CONSTRAINT socialaccount_socialtoken_pkey PRIMARY KEY (id);


--
-- Name: account_emailaddress_upper; Type: INDEX; Schema: public; Owner: neondb_owner
--

CREATE INDEX account_emailaddress_upper ON public.account_emailaddress USING btree (upper((email)::text));


--
-- Name: account_emailaddress_user_id_2c513194; Type: INDEX; Schema: public; Owner: neondb_owner
--

CREATE INDEX account_emailaddress_user_id_2c513194 ON public.account_emailaddress USING btree (user_id);


--
-- Name: account_emailconfirmation_email_address_id_5b7f8c58; Type: INDEX; Schema: public; Owner: neondb_owner
--

CREATE INDEX account_emailconfirmation_email_address_id_5b7f8c58 ON public.account_emailconfirmation USING btree (email_address_id);


--
-- Name: account_emailconfirmation_key_f43612bd_like; Type: INDEX; Schema: public; Owner: neondb_owner
--

CREATE INDEX account_emailconfirmation_key_f43612bd_like ON public.account_emailconfirmation USING btree (key varchar_pattern_ops);


--
-- Name: archive_approvedpost_house_type_id_ce90224f; Type: INDEX; Schema: public; Owner: neondb_owner
--

CREATE INDEX archive_approvedpost_house_type_id_ce90224f ON public.archive_approvedpost USING btree (house_type_id);


--
-- Name: archive_approvedpost_slug_18253595_like; Type: INDEX; Schema: public; Owner: neondb_owner
--

CREATE INDEX archive_approvedpost_slug_18253595_like ON public.archive_approvedpost USING btree (slug varchar_pattern_ops);


--
-- Name: auth_group_name_a6ea08ec_like; Type: INDEX; Schema: public; Owner: neondb_owner
--

CREATE INDEX auth_group_name_a6ea08ec_like ON public.auth_group USING btree (name varchar_pattern_ops);


--
-- Name: auth_group_permissions_group_id_b120cbf9; Type: INDEX; Schema: public; Owner: neondb_owner
--

CREATE INDEX auth_group_permissions_group_id_b120cbf9 ON public.auth_group_permissions USING btree (group_id);


--
-- Name: auth_group_permissions_permission_id_84c5c92e; Type: INDEX; Schema: public; Owner: neondb_owner
--

CREATE INDEX auth_group_permissions_permission_id_84c5c92e ON public.auth_group_permissions USING btree (permission_id);


--
-- Name: auth_permission_content_type_id_2f476e4b; Type: INDEX; Schema: public; Owner: neondb_owner
--

CREATE INDEX auth_permission_content_type_id_2f476e4b ON public.auth_permission USING btree (content_type_id);


--
-- Name: auth_user_groups_group_id_97559544; Type: INDEX; Schema: public; Owner: neondb_owner
--

CREATE INDEX auth_user_groups_group_id_97559544 ON public.auth_user_groups USING btree (group_id);


--
-- Name: auth_user_groups_user_id_6a12ed8b; Type: INDEX; Schema: public; Owner: neondb_owner
--

CREATE INDEX auth_user_groups_user_id_6a12ed8b ON public.auth_user_groups USING btree (user_id);


--
-- Name: auth_user_user_permissions_permission_id_1fbb5f2c; Type: INDEX; Schema: public; Owner: neondb_owner
--

CREATE INDEX auth_user_user_permissions_permission_id_1fbb5f2c ON public.auth_user_user_permissions USING btree (permission_id);


--
-- Name: auth_user_user_permissions_user_id_a95ead1b; Type: INDEX; Schema: public; Owner: neondb_owner
--

CREATE INDEX auth_user_user_permissions_user_id_a95ead1b ON public.auth_user_user_permissions USING btree (user_id);


--
-- Name: auth_user_username_6821ab7c_like; Type: INDEX; Schema: public; Owner: neondb_owner
--

CREATE INDEX auth_user_username_6821ab7c_like ON public.auth_user USING btree (username varchar_pattern_ops);


--
-- Name: blog_approvedpost_house_type_id_483a4696; Type: INDEX; Schema: public; Owner: neondb_owner
--

CREATE INDEX blog_approvedpost_house_type_id_483a4696 ON public.blog_approvedpost USING btree (house_type_id);


--
-- Name: blog_approvedpost_slug_e32673dd_like; Type: INDEX; Schema: public; Owner: neondb_owner
--

CREATE INDEX blog_approvedpost_slug_e32673dd_like ON public.blog_approvedpost USING btree (slug varchar_pattern_ops);


--
-- Name: blog_financialdetail_post_id_8c02eb50; Type: INDEX; Schema: public; Owner: neondb_owner
--

CREATE INDEX blog_financialdetail_post_id_8c02eb50 ON public.blog_financialdetail USING btree (post_id);


--
-- Name: blog_housetype_name_00b0aa86_like; Type: INDEX; Schema: public; Owner: neondb_owner
--

CREATE INDEX blog_housetype_name_00b0aa86_like ON public.blog_housetype USING btree (name varchar_pattern_ops);


--
-- Name: blog_post_created_by_id_eebead11; Type: INDEX; Schema: public; Owner: neondb_owner
--

CREATE INDEX blog_post_created_by_id_eebead11 ON public.blog_post USING btree (created_by_id);


--
-- Name: blog_post_house_type_id_826cd9b6; Type: INDEX; Schema: public; Owner: neondb_owner
--

CREATE INDEX blog_post_house_type_id_826cd9b6 ON public.blog_post USING btree (house_type_id);


--
-- Name: blog_post_last_updated_by_id_510d95a3; Type: INDEX; Schema: public; Owner: neondb_owner
--

CREATE INDEX blog_post_last_updated_by_id_510d95a3 ON public.blog_post USING btree (last_updated_by_id);


--
-- Name: blog_post_name_ed48d176_like; Type: INDEX; Schema: public; Owner: neondb_owner
--

CREATE INDEX blog_post_name_ed48d176_like ON public.blog_post USING btree (name varchar_pattern_ops);


--
-- Name: blog_post_slug_b95473f2_like; Type: INDEX; Schema: public; Owner: neondb_owner
--

CREATE INDEX blog_post_slug_b95473f2_like ON public.blog_post USING btree (slug varchar_pattern_ops);


--
-- Name: django_admin_log_content_type_id_c4bce8eb; Type: INDEX; Schema: public; Owner: neondb_owner
--

CREATE INDEX django_admin_log_content_type_id_c4bce8eb ON public.django_admin_log USING btree (content_type_id);


--
-- Name: django_admin_log_user_id_c564eba6; Type: INDEX; Schema: public; Owner: neondb_owner
--

CREATE INDEX django_admin_log_user_id_c564eba6 ON public.django_admin_log USING btree (user_id);


--
-- Name: django_session_expire_date_a5c62663; Type: INDEX; Schema: public; Owner: neondb_owner
--

CREATE INDEX django_session_expire_date_a5c62663 ON public.django_session USING btree (expire_date);


--
-- Name: django_session_session_key_c0390e0f_like; Type: INDEX; Schema: public; Owner: neondb_owner
--

CREATE INDEX django_session_session_key_c0390e0f_like ON public.django_session USING btree (session_key varchar_pattern_ops);


--
-- Name: django_site_domain_a2e37b91_like; Type: INDEX; Schema: public; Owner: neondb_owner
--

CREATE INDEX django_site_domain_a2e37b91_like ON public.django_site USING btree (domain varchar_pattern_ops);


--
-- Name: socialaccount_socialaccount_user_id_8146e70c; Type: INDEX; Schema: public; Owner: neondb_owner
--

CREATE INDEX socialaccount_socialaccount_user_id_8146e70c ON public.socialaccount_socialaccount USING btree (user_id);


--
-- Name: socialaccount_socialapp_sites_site_id_2579dee5; Type: INDEX; Schema: public; Owner: neondb_owner
--

CREATE INDEX socialaccount_socialapp_sites_site_id_2579dee5 ON public.socialaccount_socialapp_sites USING btree (site_id);


--
-- Name: socialaccount_socialapp_sites_socialapp_id_97fb6e7d; Type: INDEX; Schema: public; Owner: neondb_owner
--

CREATE INDEX socialaccount_socialapp_sites_socialapp_id_97fb6e7d ON public.socialaccount_socialapp_sites USING btree (socialapp_id);


--
-- Name: socialaccount_socialtoken_account_id_951f210e; Type: INDEX; Schema: public; Owner: neondb_owner
--

CREATE INDEX socialaccount_socialtoken_account_id_951f210e ON public.socialaccount_socialtoken USING btree (account_id);


--
-- Name: socialaccount_socialtoken_app_id_636a42d7; Type: INDEX; Schema: public; Owner: neondb_owner
--

CREATE INDEX socialaccount_socialtoken_app_id_636a42d7 ON public.socialaccount_socialtoken USING btree (app_id);


--
-- Name: unique_verified_email; Type: INDEX; Schema: public; Owner: neondb_owner
--

CREATE UNIQUE INDEX unique_verified_email ON public.account_emailaddress USING btree (email) WHERE verified;


--
-- Name: account_emailaddress account_emailaddress_user_id_2c513194_fk_auth_user_id; Type: FK CONSTRAINT; Schema: public; Owner: neondb_owner
--

ALTER TABLE ONLY public.account_emailaddress
    ADD CONSTRAINT account_emailaddress_user_id_2c513194_fk_auth_user_id FOREIGN KEY (user_id) REFERENCES public.auth_user(id) DEFERRABLE INITIALLY DEFERRED;


--
-- Name: account_emailconfirmation account_emailconfirm_email_address_id_5b7f8c58_fk_account_e; Type: FK CONSTRAINT; Schema: public; Owner: neondb_owner
--

ALTER TABLE ONLY public.account_emailconfirmation
    ADD CONSTRAINT account_emailconfirm_email_address_id_5b7f8c58_fk_account_e FOREIGN KEY (email_address_id) REFERENCES public.account_emailaddress(id) DEFERRABLE INITIALLY DEFERRED;


--
-- Name: auth_group_permissions auth_group_permissio_permission_id_84c5c92e_fk_auth_perm; Type: FK CONSTRAINT; Schema: public; Owner: neondb_owner
--

ALTER TABLE ONLY public.auth_group_permissions
    ADD CONSTRAINT auth_group_permissio_permission_id_84c5c92e_fk_auth_perm FOREIGN KEY (permission_id) REFERENCES public.auth_permission(id) DEFERRABLE INITIALLY DEFERRED;


--
-- Name: auth_group_permissions auth_group_permissions_group_id_b120cbf9_fk_auth_group_id; Type: FK CONSTRAINT; Schema: public; Owner: neondb_owner
--

ALTER TABLE ONLY public.auth_group_permissions
    ADD CONSTRAINT auth_group_permissions_group_id_b120cbf9_fk_auth_group_id FOREIGN KEY (group_id) REFERENCES public.auth_group(id) DEFERRABLE INITIALLY DEFERRED;


--
-- Name: auth_permission auth_permission_content_type_id_2f476e4b_fk_django_co; Type: FK CONSTRAINT; Schema: public; Owner: neondb_owner
--

ALTER TABLE ONLY public.auth_permission
    ADD CONSTRAINT auth_permission_content_type_id_2f476e4b_fk_django_co FOREIGN KEY (content_type_id) REFERENCES public.django_content_type(id) DEFERRABLE INITIALLY DEFERRED;


--
-- Name: auth_user_groups auth_user_groups_group_id_97559544_fk_auth_group_id; Type: FK CONSTRAINT; Schema: public; Owner: neondb_owner
--

ALTER TABLE ONLY public.auth_user_groups
    ADD CONSTRAINT auth_user_groups_group_id_97559544_fk_auth_group_id FOREIGN KEY (group_id) REFERENCES public.auth_group(id) DEFERRABLE INITIALLY DEFERRED;


--
-- Name: auth_user_groups auth_user_groups_user_id_6a12ed8b_fk_auth_user_id; Type: FK CONSTRAINT; Schema: public; Owner: neondb_owner
--

ALTER TABLE ONLY public.auth_user_groups
    ADD CONSTRAINT auth_user_groups_user_id_6a12ed8b_fk_auth_user_id FOREIGN KEY (user_id) REFERENCES public.auth_user(id) DEFERRABLE INITIALLY DEFERRED;


--
-- Name: auth_user_user_permissions auth_user_user_permi_permission_id_1fbb5f2c_fk_auth_perm; Type: FK CONSTRAINT; Schema: public; Owner: neondb_owner
--

ALTER TABLE ONLY public.auth_user_user_permissions
    ADD CONSTRAINT auth_user_user_permi_permission_id_1fbb5f2c_fk_auth_perm FOREIGN KEY (permission_id) REFERENCES public.auth_permission(id) DEFERRABLE INITIALLY DEFERRED;


--
-- Name: auth_user_user_permissions auth_user_user_permissions_user_id_a95ead1b_fk_auth_user_id; Type: FK CONSTRAINT; Schema: public; Owner: neondb_owner
--

ALTER TABLE ONLY public.auth_user_user_permissions
    ADD CONSTRAINT auth_user_user_permissions_user_id_a95ead1b_fk_auth_user_id FOREIGN KEY (user_id) REFERENCES public.auth_user(id) DEFERRABLE INITIALLY DEFERRED;


--
-- Name: blog_approvedpost blog_approvedpost_house_type_id_483a4696_fk_blog_housetype_id; Type: FK CONSTRAINT; Schema: public; Owner: neondb_owner
--

ALTER TABLE ONLY public.blog_approvedpost
    ADD CONSTRAINT blog_approvedpost_house_type_id_483a4696_fk_blog_housetype_id FOREIGN KEY (house_type_id) REFERENCES public.blog_housetype(id) DEFERRABLE INITIALLY DEFERRED;


--
-- Name: blog_approvedpost blog_approvedpost_post_id_00b4f652_fk_blog_post_monastery_id; Type: FK CONSTRAINT; Schema: public; Owner: neondb_owner
--

ALTER TABLE ONLY public.blog_approvedpost
    ADD CONSTRAINT blog_approvedpost_post_id_00b4f652_fk_blog_post_monastery_id FOREIGN KEY (post_id) REFERENCES public.blog_post(monastery_id) DEFERRABLE INITIALLY DEFERRED;


--
-- Name: blog_financialdetail blog_financialdetail_post_id_8c02eb50_fk_blog_post_monastery_id; Type: FK CONSTRAINT; Schema: public; Owner: neondb_owner
--

ALTER TABLE ONLY public.blog_financialdetail
    ADD CONSTRAINT blog_financialdetail_post_id_8c02eb50_fk_blog_post_monastery_id FOREIGN KEY (post_id) REFERENCES public.blog_post(monastery_id) DEFERRABLE INITIALLY DEFERRED;


--
-- Name: blog_post blog_post_created_by_id_eebead11_fk_auth_user_id; Type: FK CONSTRAINT; Schema: public; Owner: neondb_owner
--

ALTER TABLE ONLY public.blog_post
    ADD CONSTRAINT blog_post_created_by_id_eebead11_fk_auth_user_id FOREIGN KEY (created_by_id) REFERENCES public.auth_user(id) DEFERRABLE INITIALLY DEFERRED;


--
-- Name: blog_post blog_post_house_type_id_826cd9b6_fk_blog_housetype_id; Type: FK CONSTRAINT; Schema: public; Owner: neondb_owner
--

ALTER TABLE ONLY public.blog_post
    ADD CONSTRAINT blog_post_house_type_id_826cd9b6_fk_blog_housetype_id FOREIGN KEY (house_type_id) REFERENCES public.blog_housetype(id) DEFERRABLE INITIALLY DEFERRED;


--
-- Name: blog_post blog_post_last_updated_by_id_510d95a3_fk_auth_user_id; Type: FK CONSTRAINT; Schema: public; Owner: neondb_owner
--

ALTER TABLE ONLY public.blog_post
    ADD CONSTRAINT blog_post_last_updated_by_id_510d95a3_fk_auth_user_id FOREIGN KEY (last_updated_by_id) REFERENCES public.auth_user(id) DEFERRABLE INITIALLY DEFERRED;


--
-- Name: django_admin_log django_admin_log_content_type_id_c4bce8eb_fk_django_co; Type: FK CONSTRAINT; Schema: public; Owner: neondb_owner
--

ALTER TABLE ONLY public.django_admin_log
    ADD CONSTRAINT django_admin_log_content_type_id_c4bce8eb_fk_django_co FOREIGN KEY (content_type_id) REFERENCES public.django_content_type(id) DEFERRABLE INITIALLY DEFERRED;


--
-- Name: django_admin_log django_admin_log_user_id_c564eba6_fk_auth_user_id; Type: FK CONSTRAINT; Schema: public; Owner: neondb_owner
--

ALTER TABLE ONLY public.django_admin_log
    ADD CONSTRAINT django_admin_log_user_id_c564eba6_fk_auth_user_id FOREIGN KEY (user_id) REFERENCES public.auth_user(id) DEFERRABLE INITIALLY DEFERRED;


--
-- Name: socialaccount_socialtoken socialaccount_social_account_id_951f210e_fk_socialacc; Type: FK CONSTRAINT; Schema: public; Owner: neondb_owner
--

ALTER TABLE ONLY public.socialaccount_socialtoken
    ADD CONSTRAINT socialaccount_social_account_id_951f210e_fk_socialacc FOREIGN KEY (account_id) REFERENCES public.socialaccount_socialaccount(id) DEFERRABLE INITIALLY DEFERRED;


--
-- Name: socialaccount_socialtoken socialaccount_social_app_id_636a42d7_fk_socialacc; Type: FK CONSTRAINT; Schema: public; Owner: neondb_owner
--

ALTER TABLE ONLY public.socialaccount_socialtoken
    ADD CONSTRAINT socialaccount_social_app_id_636a42d7_fk_socialacc FOREIGN KEY (app_id) REFERENCES public.socialaccount_socialapp(id) DEFERRABLE INITIALLY DEFERRED;


--
-- Name: socialaccount_socialapp_sites socialaccount_social_site_id_2579dee5_fk_django_si; Type: FK CONSTRAINT; Schema: public; Owner: neondb_owner
--

ALTER TABLE ONLY public.socialaccount_socialapp_sites
    ADD CONSTRAINT socialaccount_social_site_id_2579dee5_fk_django_si FOREIGN KEY (site_id) REFERENCES public.django_site(id) DEFERRABLE INITIALLY DEFERRED;


--
-- Name: socialaccount_socialapp_sites socialaccount_social_socialapp_id_97fb6e7d_fk_socialacc; Type: FK CONSTRAINT; Schema: public; Owner: neondb_owner
--

ALTER TABLE ONLY public.socialaccount_socialapp_sites
    ADD CONSTRAINT socialaccount_social_socialapp_id_97fb6e7d_fk_socialacc FOREIGN KEY (socialapp_id) REFERENCES public.socialaccount_socialapp(id) DEFERRABLE INITIALLY DEFERRED;


--
-- Name: socialaccount_socialaccount socialaccount_socialaccount_user_id_8146e70c_fk_auth_user_id; Type: FK CONSTRAINT; Schema: public; Owner: neondb_owner
--

ALTER TABLE ONLY public.socialaccount_socialaccount
    ADD CONSTRAINT socialaccount_socialaccount_user_id_8146e70c_fk_auth_user_id FOREIGN KEY (user_id) REFERENCES public.auth_user(id) DEFERRABLE INITIALLY DEFERRED;


--
-- Name: DEFAULT PRIVILEGES FOR SEQUENCES; Type: DEFAULT ACL; Schema: public; Owner: cloud_admin
--

ALTER DEFAULT PRIVILEGES FOR ROLE cloud_admin IN SCHEMA public GRANT ALL ON SEQUENCES  TO neon_superuser WITH GRANT OPTION;


--
-- Name: DEFAULT PRIVILEGES FOR TABLES; Type: DEFAULT ACL; Schema: public; Owner: cloud_admin
--

ALTER DEFAULT PRIVILEGES FOR ROLE cloud_admin IN SCHEMA public GRANT ALL ON TABLES  TO neon_superuser WITH GRANT OPTION;


--
-- PostgreSQL database dump complete
--

